Home	https://kernel-internals.org/
Foundations	https://kernel-internals.org/categories/foundations/
Foundations / Background / Linux Evolution	https://kernel-internals.org/linux-evolution/
Foundations / Background / Hardware Evolution	https://kernel-internals.org/hardware-evolution/
Foundations / Kernel Internals	https://kernel-internals.org/kernel/
Foundations / Kernel Internals / printk and Kernel Logging	https://kernel-internals.org/kernel/printk/
Foundations / Kernel Internals / Early Boot and start_kernel()	https://kernel-internals.org/kernel/early-boot/
Foundations / Kernel Internals / Kernel Boot Parameters	https://kernel-internals.org/kernel/boot-params/
Foundations / Kernel Internals / Kernel Panic and Oops	https://kernel-internals.org/kernel/panic-oops/
Foundations / Kernel Internals / Module Init and Initcalls	https://kernel-internals.org/kernel/initcalls-modules/
Foundations / Kernel Internals / War Stories	https://kernel-internals.org/kernel/war-stories/
Foundations / Architecture / ARM64	https://kernel-internals.org/arch/arm64/
Foundations / Architecture / ARM64 / Boot Sequence	https://kernel-internals.org/arch/arm64/boot/
Foundations / Architecture / ARM64 / Exception Model	https://kernel-internals.org/arch/arm64/exception-model/
Foundations / Architecture / ARM64 / Memory Model	https://kernel-internals.org/arch/arm64/memory-model/
Foundations / Architecture / ARM64 / Page Tables	https://kernel-internals.org/arch/arm64/page-tables/
Foundations / Architecture / ARM64 / Syscall Entry	https://kernel-internals.org/arch/arm64/syscall-entry/
Foundations / Architecture / ARM64 / CPU Features and Alternatives	https://kernel-internals.org/arch/arm64/cpu-features/
Foundations / Architecture / ARM64 / Spectre and Meltdown	https://kernel-internals.org/arch/arm64/spectre-meltdown/
Foundations / Architecture / ARM64 / War Stories	https://kernel-internals.org/arch/arm64/war-stories/
Foundations / Architecture / x86	https://kernel-internals.org/arch/x86/
Foundations / Architecture / x86 / Boot Sequence	https://kernel-internals.org/arch/x86/boot/
Foundations / Architecture / x86 / Page Tables	https://kernel-internals.org/arch/x86/page-tables/
Foundations / Architecture / x86 / Syscall Entry	https://kernel-internals.org/arch/x86/syscall-entry/
Foundations / Architecture / x86 / Exception and Interrupt Handling	https://kernel-internals.org/arch/x86/exceptions/
Foundations / Architecture / x86 / CPU Features and Alternatives	https://kernel-internals.org/arch/x86/cpu-features/
Foundations / Architecture / x86 / Spectre and Meltdown	https://kernel-internals.org/arch/x86/spectre-meltdown/
Foundations / Architecture / x86 / War Stories	https://kernel-internals.org/arch/x86/war-stories/
Foundations / System Calls	https://kernel-internals.org/syscalls/
Foundations / System Calls / Syscall Entry Path	https://kernel-internals.org/syscalls/syscall-entry/
Foundations / System Calls / SYSCALL_DEFINE and Dispatch	https://kernel-internals.org/syscalls/syscall-define/
Foundations / System Calls / Adding a New Syscall	https://kernel-internals.org/syscalls/adding-syscall/
Foundations / System Calls / 32-bit Compat Syscalls	https://kernel-internals.org/syscalls/compat/
Foundations / System Calls / ptrace and Syscall Interception	https://kernel-internals.org/syscalls/ptrace-interception/
Foundations / System Calls / vDSO and Virtual System Calls	https://kernel-internals.org/syscalls/vdso/
Foundations / System Calls / Syscall Auditing	https://kernel-internals.org/syscalls/audit/
Foundations / System Calls / Syscall Restart Mechanisms	https://kernel-internals.org/syscalls/restart-block/
Foundations / System Calls / War Stories	https://kernel-internals.org/syscalls/war-stories/
Foundations / Time	https://kernel-internals.org/time/
Foundations / Time / Timekeeping and Clocksources	https://kernel-internals.org/time/timekeeping/
Foundations / Time / Clocksource and Clockevent Drivers	https://kernel-internals.org/time/clocksource/
Foundations / Time / hrtimers	https://kernel-internals.org/time/hrtimers/
Foundations / Time / POSIX Timers and timerfd	https://kernel-internals.org/time/posix-timers/
Foundations / Time / The Timer Wheel	https://kernel-internals.org/time/timer-wheel/
Foundations / Time / NTP and Clock Discipline	https://kernel-internals.org/time/ntp/
Foundations / Time / Time Namespaces	https://kernel-internals.org/time/time-namespaces/
Foundations / Time / War Stories	https://kernel-internals.org/time/war-stories/
Foundations / Kernel Modules	https://kernel-internals.org/modules/
Foundations / Kernel Modules / Writing and Loading Modules	https://kernel-internals.org/modules/module-basics/
Foundations / Kernel Modules / Parameters, Symbols, and Kconfig	https://kernel-internals.org/modules/module-params/
Foundations / Kernel Modules / Module Signing	https://kernel-internals.org/modules/module-signing/
Foundations / Kernel Modules / Kbuild Build System	https://kernel-internals.org/modules/kbuild/
Foundations / Kernel Modules / Module Loading Internals	https://kernel-internals.org/modules/module-loading-internals/
Foundations / Kernel Modules / Dynamic Debug	https://kernel-internals.org/modules/dynamic-debug/
Foundations / Kernel Modules / War Stories	https://kernel-internals.org/modules/war-stories/
Memory	https://kernel-internals.org/categories/memory/
Memory / Memory Management	https://kernel-internals.org/mm/
Memory / Memory Management / Overview	https://kernel-internals.org/mm/overview/
Memory / Memory Management / Fundamentals / Page Allocator	https://kernel-internals.org/mm/page-allocator/
Memory / Memory Management / Fundamentals / kmalloc (SLUB)	https://kernel-internals.org/mm/slab/
Memory / Memory Management / Fundamentals / SLUB Allocator Internals	https://kernel-internals.org/mm/slab-internals/
Memory / Memory Management / Fundamentals / vmalloc	https://kernel-internals.org/mm/vmalloc/
Memory / Memory Management / Fundamentals / NUMA	https://kernel-internals.org/mm/numa/
Memory / Memory Management / NUMA Advanced / Distance Metrics	https://kernel-internals.org/mm/numa-distance/
Memory / Memory Management / NUMA Advanced / Zonelist & Fallback	https://kernel-internals.org/mm/numa-zonelist/
Memory / Memory Management / NUMA Advanced / NUMA & Reclaim	https://kernel-internals.org/mm/numa-reclaim/
Memory / Memory Management / NUMA Advanced / Memory Hotplug	https://kernel-internals.org/mm/memory-hotplug/
Memory / Memory Management / Address Translation / Page Tables	https://kernel-internals.org/mm/page-tables/
Memory / Memory Management / Address Translation / Kernel Address Space	https://kernel-internals.org/mm/kernel-address-space/
Memory / Memory Management / Address Translation / Physical Memory Model	https://kernel-internals.org/mm/memory-model/
Memory / Memory Management / Address Translation / Process Address Space	https://kernel-internals.org/mm/mmap/
Memory / Memory Management / Address Translation / Page Fault Handler	https://kernel-internals.org/mm/page-fault/
Memory / Memory Management / Address Translation / vDSO: Fast Syscalls Without the Kernel	https://kernel-internals.org/mm/vdso/
Memory / Memory Management / Caching & Reclaim / Page Cache	https://kernel-internals.org/mm/page-cache/
Memory / Memory Management / Caching & Reclaim / Page Reclaim	https://kernel-internals.org/mm/reclaim/
Memory / Memory Management / Caching & Reclaim / MGLRU	https://kernel-internals.org/mm/mglru/
Memory / Memory Management / Caching & Reclaim / Reclaim Throttling	https://kernel-internals.org/mm/reclaim-throttling/
Memory / Memory Management / Caching & Reclaim / Zone Reclaim Policy	https://kernel-internals.org/mm/zone-reclaim/
Memory / Memory Management / Caching & Reclaim / Shrinker API	https://kernel-internals.org/mm/shrinker/
Memory / Memory Management / Caching & Reclaim / DAMON	https://kernel-internals.org/mm/damon/
Memory / Memory Management / Caching & Reclaim / Swap	https://kernel-internals.org/mm/swap/
Memory / Memory Management / Caching & Reclaim / zswap	https://kernel-internals.org/mm/zswap/
Memory / Memory Management / Advanced / Memory Cgroups	https://kernel-internals.org/mm/memcg/
Memory / Memory Management / Advanced / Transparent Huge Pages	https://kernel-internals.org/mm/thp/
Memory / Memory Management / Advanced / Multi-Size THP	https://kernel-internals.org/mm/mthp/
Memory / Memory Management / Advanced / Compaction	https://kernel-internals.org/mm/compaction/
Memory / Memory Management / Advanced / KSM	https://kernel-internals.org/mm/ksm/
Memory / Memory Management / Advanced / Folio Abstraction	https://kernel-internals.org/mm/folio/
Memory / Memory Management / Advanced / Maple Tree (VMA Data Structure)	https://kernel-internals.org/mm/maple-tree/
Memory / Memory Management / Advanced / Per-VMA Locks	https://kernel-internals.org/mm/per-vma-locks/
Memory / Memory Management / Advanced / RCU in Memory Management	https://kernel-internals.org/mm/rcu-mm/
Memory / Memory Management / Advanced / TLB Optimization	https://kernel-internals.org/mm/tlb-optimization/
Memory / Memory Management / Advanced / CXL Memory Tiering	https://kernel-internals.org/mm/cxl-memory-tiering/
Memory / Memory Management / Advanced / Memory Tiering	https://kernel-internals.org/mm/memory-tiering/
Memory / Memory Management / Advanced / HMM (Heterogeneous Memory Management)	https://kernel-internals.org/mm/hmm/
Memory / Memory Management / Advanced / userfaultfd	https://kernel-internals.org/mm/userfaultfd/
Memory / Memory Management / Advanced / Page Table Walking API	https://kernel-internals.org/mm/page-walk/
Memory / Memory Management / Advanced / GUP: Getting User Pages	https://kernel-internals.org/mm/gup/
Memory / Memory Management / Advanced / vrealloc	https://kernel-internals.org/mm/vrealloc/
Memory / Memory Management / Memory Cgroups / Container Memory Limits	https://kernel-internals.org/mm/container-memory-limits/
Memory / Memory Management / Memory Cgroups / memory.stat Reference	https://kernel-internals.org/mm/memory-stat/
Memory / Memory Management / Memory Cgroups / Cgroup Hierarchy	https://kernel-internals.org/mm/memcg-hierarchy/
Memory / Memory Management / Memory Cgroups / Cgroup OOM	https://kernel-internals.org/mm/memcg-oom/
Memory / Memory Management / Memory Cgroups / Cgroup Swap Accounting	https://kernel-internals.org/mm/memcg-swap/
Memory / Memory Management / Lifecycle / Life of a malloc	https://kernel-internals.org/mm/life-of-malloc/
Memory / Memory Management / Lifecycle / Life of a page	https://kernel-internals.org/mm/life-of-page/
Memory / Memory Management / Lifecycle / What happens when you fork	https://kernel-internals.org/mm/fork/
Memory / Memory Management / Lifecycle / What happens during exec()	https://kernel-internals.org/mm/exec/
Memory / Memory Management / Lifecycle / Running out of memory	https://kernel-internals.org/mm/oom/
Memory / Memory Management / Lifecycle / Life of a file read	https://kernel-internals.org/mm/life-of-read/
Memory / Memory Management / Lifecycle / File-backed mmap and page faults	https://kernel-internals.org/mm/file-mmap/
Memory / Memory Management / Lifecycle / What happens during swapping	https://kernel-internals.org/mm/swapping/
Memory / Memory Management / Explainers / Virtual vs Physical vs Resident	https://kernel-internals.org/mm/virtual-physical-resident/
Memory / Memory Management / Explainers / Memory Overcommit	https://kernel-internals.org/mm/overcommit/
Memory / Memory Management / Explainers / brk vs mmap	https://kernel-internals.org/mm/brk-vs-mmap/
Memory / Memory Management / Explainers / Contiguous Memory	https://kernel-internals.org/mm/contiguous-memory/
Memory / Memory Management / Explainers / Copy-on-Write	https://kernel-internals.org/mm/cow/
Memory / Memory Management / Boot & Subsystems / memblock	https://kernel-internals.org/mm/memblock/
Memory / Memory Management / Boot & Subsystems / Memory Reservation	https://kernel-internals.org/mm/memory-reservation/
Memory / Memory Management / Boot & Subsystems / Boot Page Tables	https://kernel-internals.org/mm/boot-page-tables/
Memory / Memory Management / Boot & Subsystems / NUMA Topology (ACPI SRAT/SLIT)	https://kernel-internals.org/mm/numa-acpi-srat/
Memory / Memory Management / Boot & Subsystems / CMA	https://kernel-internals.org/mm/cma/
Memory / Memory Management / Boot & Subsystems / DMA	https://kernel-internals.org/mm/dma/
Memory / Memory Management / Boot & Subsystems / Device Coherency	https://kernel-internals.org/mm/device-coherency/
Memory / Memory Management / Boot & Subsystems / PCI BAR Mapping	https://kernel-internals.org/mm/pci-bar-mapping/
Memory / Memory Management / Boot & Subsystems / hugetlbfs vs THP	https://kernel-internals.org/mm/hugetlbfs-vs-thp/
Memory / Memory Management / Boot & Subsystems / 1GB Huge Pages	https://kernel-internals.org/mm/hugepages-1gb/
Memory / Memory Management / Tuning / PSI	https://kernel-internals.org/mm/psi/
Memory / Memory Management / Tuning / Sysctl Reference	https://kernel-internals.org/mm/sysctl-reference/
Memory / Memory Management / Tuning / Containers	https://kernel-internals.org/mm/tuning-containers/
Memory / Memory Management / Tuning / Databases	https://kernel-internals.org/mm/tuning-databases/
Memory / Memory Management / Tuning / Memory Bandwidth	https://kernel-internals.org/mm/memory-bandwidth/
Memory / Memory Management / Tuning / Swap Thrashing	https://kernel-internals.org/mm/swap-thrashing/
Memory / Memory Management / Debugging / KASAN	https://kernel-internals.org/mm/kasan/
Memory / Memory Management / Debugging / KFENCE	https://kernel-internals.org/mm/kfence/
Memory / Memory Management / Debugging / Kmemleak	https://kernel-internals.org/mm/kmemleak/
Memory / Memory Management / Debugging / Page Poisoning	https://kernel-internals.org/mm/page-poisoning/
Memory / Memory Management / Debugging / MM Tracepoints	https://kernel-internals.org/mm/mm-tracepoints/
Memory / Memory Management / Debugging / Fault Injection	https://kernel-internals.org/mm/fault-injection/
Memory / Memory Management / Debugging / Why is my process slow?	https://kernel-internals.org/mm/why-is-my-process-slow/
Memory / Memory Management / Debugging / Reading an OOM log	https://kernel-internals.org/mm/reading-oom-log/
Memory / Memory Management / Debugging / OOM Debugging	https://kernel-internals.org/mm/oom-debugging/
Memory / Memory Management / Debugging / Understanding /proc/meminfo	https://kernel-internals.org/mm/understanding-proc-meminfo/
Memory / Memory Management / Debugging / Understanding /proc/vmstat	https://kernel-internals.org/mm/understanding-proc-vmstat/
Memory / Memory Management / Debugging / /proc/meminfo reference	https://kernel-internals.org/mm/proc-meminfo/
Memory / Memory Management / Debugging / /proc/vmstat reference	https://kernel-internals.org/mm/proc-vmstat/
Memory / Memory Management / Bugs	https://kernel-internals.org/mm/bugs/
Memory / Memory Management / Bugs / War Stories: Performance Regressions	https://kernel-internals.org/mm/war-stories-regressions/
Memory / Memory Management / Bugs / War Stories: CVE Case Studies	https://kernel-internals.org/mm/war-stories-cves/
Memory / Memory Management / Bugs / War Stories: Bug Incident Narratives	https://kernel-internals.org/mm/war-stories-bugs/
Memory / Memory Management / Reference / Glossary	https://kernel-internals.org/mm/glossary/
Memory / IOMMU and DMA	https://kernel-internals.org/iommu/
Memory / IOMMU and DMA / IOMMU Architecture	https://kernel-internals.org/iommu/iommu-arch/
Memory / IOMMU and DMA / DMA API	https://kernel-internals.org/iommu/dma-api/
Memory / IOMMU and DMA / IOVA Allocator	https://kernel-internals.org/iommu/iova-allocator/
Memory / IOMMU and DMA / Shared Virtual Addressing	https://kernel-internals.org/iommu/sva/
Memory / IOMMU and DMA / VFIO Internals	https://kernel-internals.org/iommu/vfio-internals/
Memory / IOMMU and DMA / IOMMU War Stories	https://kernel-internals.org/iommu/war-stories/
Scheduling & Concurrency	https://kernel-internals.org/categories/scheduling-concurrency/
Scheduling & Concurrency / Scheduler	https://kernel-internals.org/sched/
Scheduling & Concurrency / Scheduler / Fundamentals / Scheduler Evolution	https://kernel-internals.org/sched/scheduler-evolution/
Scheduling & Concurrency / Scheduler / Fundamentals / Scheduler Classes	https://kernel-internals.org/sched/scheduler-classes/
Scheduling & Concurrency / Scheduler / Fundamentals / CFS	https://kernel-internals.org/sched/cfs/
Scheduling & Concurrency / Scheduler / Fundamentals / EEVDF	https://kernel-internals.org/sched/eevdf/
Scheduling & Concurrency / Scheduler / Fundamentals / Runqueues & Task Selection	https://kernel-internals.org/sched/runqueues/
Scheduling & Concurrency / Scheduler / Lifecycle / Life of a Context Switch	https://kernel-internals.org/sched/context-switch/
Scheduling & Concurrency / Scheduler / Lifecycle / What Happens When a Process Wakes Up	https://kernel-internals.org/sched/wakeup/
Scheduling & Concurrency / Scheduler / Lifecycle / What Happens When You fork()	https://kernel-internals.org/sched/sched-fork/
Scheduling & Concurrency / Scheduler / Real-Time / RT Scheduler	https://kernel-internals.org/sched/rt-scheduler/
Scheduling & Concurrency / Scheduler / Real-Time / SCHED_DEADLINE	https://kernel-internals.org/sched/deadline/
Scheduling & Concurrency / Scheduler / Real-Time / Priority Inversion & PI Mutexes	https://kernel-internals.org/sched/pi-mutexes/
Scheduling & Concurrency / Scheduler / Resource Control & Topology / CPU cgroup (v1 vs v2)	https://kernel-internals.org/sched/cpu-cgroup/
Scheduling & Concurrency / Scheduler / Resource Control & Topology / CPU Bandwidth Control	https://kernel-internals.org/sched/cpu-bandwidth/
Scheduling & Concurrency / Scheduler / Resource Control & Topology / cpuset	https://kernel-internals.org/sched/cpuset/
Scheduling & Concurrency / Scheduler / Resource Control & Topology / Scheduling Domains	https://kernel-internals.org/sched/sched-domains/
Scheduling & Concurrency / Scheduler / Resource Control & Topology / CPU Affinity	https://kernel-internals.org/sched/cpu-affinity/
Scheduling & Concurrency / Scheduler / Advanced / Load Balancing	https://kernel-internals.org/sched/load-balancing/
Scheduling & Concurrency / Scheduler / Advanced / NUMA Automatic Balancing	https://kernel-internals.org/sched/numa-balancing/
Scheduling & Concurrency / Scheduler / Advanced / Energy-Aware Scheduling	https://kernel-internals.org/sched/eas/
Scheduling & Concurrency / Scheduler / Advanced / Preemption Model	https://kernel-internals.org/sched/preemption/
Scheduling & Concurrency / Scheduler / Advanced / The Scheduling Tick	https://kernel-internals.org/sched/sched-tick/
Scheduling & Concurrency / Scheduler / Advanced / Real-Time Linux Tuning	https://kernel-internals.org/sched/rt-tuning/
Scheduling & Concurrency / Scheduler / Debugging & Observability / Scheduler Statistics	https://kernel-internals.org/sched/schedstat/
Scheduling & Concurrency / Scheduler / Debugging & Observability / Scheduler Tracing	https://kernel-internals.org/sched/sched-tracing/
Scheduling & Concurrency / Scheduler / Debugging & Observability / Scheduler Tuning	https://kernel-internals.org/sched/sched-tuning/
Scheduling & Concurrency / Locking	https://kernel-internals.org/locking/
Scheduling & Concurrency / Locking / Fundamentals / Spinlock and raw_spinlock	https://kernel-internals.org/locking/spinlock/
Scheduling & Concurrency / Locking / Fundamentals / Mutex and rt_mutex	https://kernel-internals.org/locking/mutex/
Scheduling & Concurrency / Locking / Fundamentals / rwlock and rwsem	https://kernel-internals.org/locking/rwlock-rwsem/
Scheduling & Concurrency / Locking / Fundamentals / RCU (Read-Copy-Update)	https://kernel-internals.org/locking/rcu/
Scheduling & Concurrency / Locking / Fundamentals / Seqlock	https://kernel-internals.org/locking/seqlock/
Scheduling & Concurrency / Locking / Advanced / Atomic Operations and Memory Barriers	https://kernel-internals.org/locking/atomics/
Scheduling & Concurrency / Locking / Advanced / Per-CPU Variables	https://kernel-internals.org/locking/percpu/
Scheduling & Concurrency / Locking / Advanced / Lockdep	https://kernel-internals.org/locking/lockdep/
Scheduling & Concurrency / Locking / Advanced / Lock Contention Debugging	https://kernel-internals.org/locking/lock-debugging/
Scheduling & Concurrency / Locking / Advanced / Futex Internals	https://kernel-internals.org/locking/futex/
Scheduling & Concurrency / Locking / Advanced / SRCU	https://kernel-internals.org/locking/srcu/
Scheduling & Concurrency / Locking / Advanced / Completions and Wait Queues	https://kernel-internals.org/locking/completions/
Scheduling & Concurrency / Locking / War Stories / Locking War Stories	https://kernel-internals.org/locking/war-stories/
Scheduling & Concurrency / Locking / War Stories / The Deadlock Detector That Scheduled While Atomic	https://kernel-internals.org/locking/war-stories/rtmutex-deadlock-detector-atomic-sleep/
Scheduling & Concurrency / Locking / War Stories / The PI-Futex Fixup That Had No Answer for a Permanent Fault	https://kernel-internals.org/locking/war-stories/pi-futex-fixup-owner-uaf/
Scheduling & Concurrency / Locking / War Stories / Towelroot: The Missing Check on the Requeuer's Half of the Pair	https://kernel-internals.org/locking/war-stories/towelroot-futex-requeue/
Scheduling & Concurrency / Locking / War Stories / The PI-Mutex Origin Story	https://kernel-internals.org/locking/war-stories/pi-mutex-origin/
Scheduling & Concurrency / Interrupts	https://kernel-internals.org/interrupts/
Scheduling & Concurrency / Interrupts / Fundamentals / Interrupt Handling Overview	https://kernel-internals.org/interrupts/interrupts/
Scheduling & Concurrency / Interrupts / Fundamentals / IRQ Descriptor and irq_chip	https://kernel-internals.org/interrupts/irq-desc/
Scheduling & Concurrency / Interrupts / Fundamentals / request_irq and free_irq	https://kernel-internals.org/interrupts/request-irq/
Scheduling & Concurrency / Interrupts / Fundamentals / Threaded IRQs	https://kernel-internals.org/interrupts/threaded-irq/
Scheduling & Concurrency / Interrupts / Fundamentals / IRQ Affinity and CPU Isolation	https://kernel-internals.org/interrupts/irq-affinity/
Scheduling & Concurrency / Interrupts / Fundamentals / MSI and MSI-X	https://kernel-internals.org/interrupts/msi-msix/
Scheduling & Concurrency / Interrupts / Deferred Work / Softirqs	https://kernel-internals.org/interrupts/softirq/
Scheduling & Concurrency / Interrupts / Deferred Work / Tasklets	https://kernel-internals.org/interrupts/tasklets/
Scheduling & Concurrency / Interrupts / Deferred Work / Workqueues	https://kernel-internals.org/interrupts/workqueues/
Scheduling & Concurrency / Interrupts / Deferred Work / Workqueue Internals (cmwq)	https://kernel-internals.org/interrupts/workqueue-internals/
Scheduling & Concurrency / Interrupts / Deferred Work / Timers and hrtimers	https://kernel-internals.org/interrupts/timers/
Scheduling & Concurrency / IPC	https://kernel-internals.org/ipc/
Scheduling & Concurrency / IPC / Signals	https://kernel-internals.org/ipc/signals/
Scheduling & Concurrency / IPC / Pipes and FIFOs	https://kernel-internals.org/ipc/pipes/
Scheduling & Concurrency / IPC / Shared Memory and Semaphores	https://kernel-internals.org/ipc/shared-memory/
Scheduling & Concurrency / IPC / eventfd and signalfd	https://kernel-internals.org/ipc/eventfd-signalfd/
Scheduling & Concurrency / IPC / POSIX Message Queues	https://kernel-internals.org/ipc/mqueue/
Scheduling & Concurrency / IPC / Unix Domain Sockets	https://kernel-internals.org/ipc/unix-sockets/
Scheduling & Concurrency / IPC / SysV Semaphores and Message Queues	https://kernel-internals.org/ipc/sysv-semaphores/
Scheduling & Concurrency / IPC / IPC War Stories	https://kernel-internals.org/ipc/war-stories/
Storage & I/O	https://kernel-internals.org/categories/storage-io/
Storage & I/O / VFS	https://kernel-internals.org/vfs/
Storage & I/O / VFS / Fundamentals / VFS Objects: superblock, inode, dentry, file	https://kernel-internals.org/vfs/vfs-objects/
Storage & I/O / VFS / Fundamentals / Path Resolution	https://kernel-internals.org/vfs/namei/
Storage & I/O / VFS / Fundamentals / File Operations	https://kernel-internals.org/vfs/file-ops/
Storage & I/O / VFS / Fundamentals / Filesystem Registration and Mounting	https://kernel-internals.org/vfs/mounting/
Storage & I/O / VFS / Lifecycle / Life of a write() Syscall	https://kernel-internals.org/vfs/life-of-write/
Storage & I/O / VFS / Lifecycle / Dentry and Inode Caches	https://kernel-internals.org/vfs/dcache-icache/
Storage & I/O / VFS / Advanced / splice, sendfile, copy_file_range	https://kernel-internals.org/vfs/splice-sendfile/
Storage & I/O / VFS / Advanced / inotify and fanotify	https://kernel-internals.org/vfs/inotify/
Storage & I/O / VFS / Advanced / Extended Attributes (xattr)	https://kernel-internals.org/vfs/xattr/
Storage & I/O / VFS / Advanced / procfs and sysfs	https://kernel-internals.org/vfs/procfs-sysfs/
Storage & I/O / VFS / War Stories / VFS War Stories	https://kernel-internals.org/vfs/war-stories/
Storage & I/O / VFS / War Stories / The Dentry-Cache Walk Livelock	https://kernel-internals.org/vfs/war-stories/dentry-cache-livelock/
Storage & I/O / VFS / War Stories / Sequoia: The seq_file Size-Truncation Overflow	https://kernel-internals.org/vfs/war-stories/sequoia-seq-file-overflow/
Storage & I/O / VFS / War Stories / OverlayFS: UID Mapping Confusion	https://kernel-internals.org/vfs/war-stories/overlayfs-uid-confusion/
Storage & I/O / VFS / War Stories / OverlayFS: Capability-Xattr Bypass	https://kernel-internals.org/vfs/war-stories/overlayfs-capability-bypass/
Storage & I/O / Filesystems	https://kernel-internals.org/filesystems/
Storage & I/O / Filesystems / ext4	https://kernel-internals.org/filesystems/ext4/
Storage & I/O / Filesystems / ext4 Journaling (JBD2)	https://kernel-internals.org/filesystems/ext4-journal/
Storage & I/O / Filesystems / tmpfs and ramfs	https://kernel-internals.org/filesystems/tmpfs/
Storage & I/O / Filesystems / btrfs	https://kernel-internals.org/filesystems/btrfs/
Storage & I/O / Filesystems / XFS	https://kernel-internals.org/filesystems/xfs/
Storage & I/O / Filesystems / OverlayFS	https://kernel-internals.org/filesystems/overlayfs/
Storage & I/O / Filesystems / Crash Consistency and Recovery	https://kernel-internals.org/filesystems/crash-consistency/
Storage & I/O / Filesystems / iomap: Extent-Based I/O	https://kernel-internals.org/filesystems/iomap/
Storage & I/O / Filesystems / FUSE: Filesystems in Userspace	https://kernel-internals.org/filesystems/fuse/
Storage & I/O / Filesystems / War Stories	https://kernel-internals.org/filesystems/war-stories/
Storage & I/O / Block Layer	https://kernel-internals.org/block/
Storage & I/O / Block Layer / Block Layer Overview	https://kernel-internals.org/block/block-overview/
Storage & I/O / Block Layer / Life of a Block I/O	https://kernel-internals.org/block/life-of-block-io/
Storage & I/O / Block Layer / bio and request structures	https://kernel-internals.org/block/bio-request/
Storage & I/O / Block Layer / blk-mq (Multi-Queue)	https://kernel-internals.org/block/blk-mq/
Storage & I/O / Block Layer / I/O Schedulers	https://kernel-internals.org/block/io-schedulers/
Storage & I/O / Block Layer / Block Cgroup (I/O Control)	https://kernel-internals.org/block/blk-cgroup/
Storage & I/O / Block Layer / NVMe Driver	https://kernel-internals.org/block/nvme/
Storage & I/O / Block Layer / dm-verity (Integrity)	https://kernel-internals.org/block/dm-verity/
Storage & I/O / Block Layer / War Stories	https://kernel-internals.org/block/war-stories/
Storage & I/O / Block Layer / Observability	https://kernel-internals.org/block/block-observability/
Storage & I/O / I/O Patterns	https://kernel-internals.org/io/
Storage & I/O / I/O Patterns / Life of a Write	https://kernel-internals.org/io/life-of-a-write/
Storage & I/O / I/O Patterns / Buffered I/O and the Page Cache	https://kernel-internals.org/io/buffered-io/
Storage & I/O / I/O Patterns / Readahead	https://kernel-internals.org/io/readahead/
Storage & I/O / I/O Patterns / Page Cache Writeback	https://kernel-internals.org/io/page-cache-writeback/
Storage & I/O / I/O Patterns / Memory-Mapped I/O	https://kernel-internals.org/io/mmap-io/
Storage & I/O / I/O Patterns / Direct I/O	https://kernel-internals.org/io/direct-io/
Storage & I/O / I/O Patterns / Vectored I/O (Scatter-Gather)	https://kernel-internals.org/io/vectored-io/
Storage & I/O / I/O Patterns / splice, sendfile, and Zero-Copy	https://kernel-internals.org/io/splice-sendfile/
Storage & I/O / I/O Patterns / fallocate and File Space Management	https://kernel-internals.org/io/fallocate/
Storage & I/O / I/O Patterns / Async I/O Evolution	https://kernel-internals.org/io/async-io/
Storage & I/O / I/O Patterns / Observability	https://kernel-internals.org/io/observability/
Storage & I/O / I/O Patterns / Tuning Storage I/O	https://kernel-internals.org/io/tuning-storage/
Storage & I/O / I/O Patterns / Buffered vs Direct I/O	https://kernel-internals.org/io/buffered-vs-direct/
Storage & I/O / I/O Patterns / I/O Consistency and Ordering	https://kernel-internals.org/io/io-consistency/
Storage & I/O / I/O Patterns / fsync, fdatasync, and O_SYNC	https://kernel-internals.org/io/fsync-fdatasync/
Storage & I/O / I/O Patterns / pread / pwrite and RWF flags	https://kernel-internals.org/io/pread-pwrite/
Storage & I/O / I/O Patterns / I/O Polling	https://kernel-internals.org/io/io-polling/
Storage & I/O / I/O Patterns / I/O Priorities (ionice)	https://kernel-internals.org/io/io-priorities/
Storage & I/O / I/O Patterns / I/O Bandwidth	https://kernel-internals.org/io/io-bandwidth/
Storage & I/O / I/O Patterns / Tuning for Streaming Workloads	https://kernel-internals.org/io/tuning-streaming/
Storage & I/O / I/O Patterns / Debugging I/O Hangs	https://kernel-internals.org/io/debugging-io-hangs/
Storage & I/O / I/O Patterns / Understanding /proc/diskstats	https://kernel-internals.org/io/understanding-proc-diskstats/
Storage & I/O / I/O Patterns / War Stories	https://kernel-internals.org/io/war-stories/
Storage & I/O / io_uring	https://kernel-internals.org/io-uring/
Storage & I/O / io_uring / Life of an io_uring Request	https://kernel-internals.org/io-uring/life-of-request/
Storage & I/O / io_uring / Architecture and Rings	https://kernel-internals.org/io-uring/io-uring-arch/
Storage & I/O / io_uring / Operations and Advanced Features	https://kernel-internals.org/io-uring/io-uring-ops/
Storage & I/O / io_uring / Fixed Buffers and Files	https://kernel-internals.org/io-uring/fixed-buffers/
Storage & I/O / io_uring / Multishot, Linked Requests, and Probing	https://kernel-internals.org/io-uring/multishot-ops/
Storage & I/O / io_uring / Networking with io_uring	https://kernel-internals.org/io-uring/networking/
Storage & I/O / io_uring / io_uring vs epoll	https://kernel-internals.org/io-uring/io-uring-vs-epoll/
Storage & I/O / io_uring / Security Model	https://kernel-internals.org/io-uring/security/
Storage & I/O / io_uring / War Stories	https://kernel-internals.org/io-uring/war-stories/
Devices & Drivers	https://kernel-internals.org/categories/devices/
Devices & Drivers / Device Drivers	https://kernel-internals.org/drivers/
Devices & Drivers / Device Drivers / Linux Device Model	https://kernel-internals.org/drivers/device-model/
Devices & Drivers / Device Drivers / Platform Drivers	https://kernel-internals.org/drivers/platform-driver/
Devices & Drivers / Device Drivers / Character and Misc Devices	https://kernel-internals.org/drivers/chardev/
Devices & Drivers / Device Drivers / PCI Drivers	https://kernel-internals.org/drivers/pci-driver/
Devices & Drivers / Device Drivers / Device Tree	https://kernel-internals.org/drivers/device-tree/
Devices & Drivers / Device Drivers / I2C and SPI Drivers	https://kernel-internals.org/drivers/i2c-spi/
Devices & Drivers / Device Drivers / War Stories / Device Drivers War Stories	https://kernel-internals.org/drivers/war-stories/
Devices & Drivers / Device Drivers / War Stories / The uevent_show() Fix That Deadlocked Driver Detach	https://kernel-internals.org/drivers/war-stories/uevent-show-deadlock/
Devices & Drivers / Device Drivers / War Stories / The kobject Path Race That Needed a Retry, Not a Lock	https://kernel-internals.org/drivers/war-stories/kobject-path-race/
Devices & Drivers / Device Drivers / War Stories / fw_devlink=on: The Default That Broke Boot Twice Before It Stuck	https://kernel-internals.org/drivers/war-stories/fw-devlink-boot-breaking/
Devices & Drivers / Device Drivers / War Stories / The Deferred-Probe Origin Story	https://kernel-internals.org/drivers/war-stories/deferred-probe-origin/
Devices & Drivers / USB	https://kernel-internals.org/usb/
Devices & Drivers / USB / Enumeration and Descriptors	https://kernel-internals.org/usb/enumeration/
Devices & Drivers / USB / URBs and Transfer Types	https://kernel-internals.org/usb/urbs/
Devices & Drivers / USB / Host Controllers and Gadget Mode	https://kernel-internals.org/usb/xhci-gadget/
Devices & Drivers / USB / War Stories	https://kernel-internals.org/usb/war-stories/
Devices & Drivers / GPU / DRM	https://kernel-internals.org/drm/
Devices & Drivers / GPU / DRM / Kernel Mode Setting (KMS)	https://kernel-internals.org/drm/kms/
Devices & Drivers / GPU / DRM / GEM Buffer Objects and dma-buf	https://kernel-internals.org/drm/gem-dmabuf/
Devices & Drivers / GPU / DRM / Command Submission, Fences, and the GPU Scheduler	https://kernel-internals.org/drm/command-submission/
Devices & Drivers / GPU / DRM / War Stories / DRM War Stories	https://kernel-internals.org/drm/war-stories/
Devices & Drivers / GPU / DRM / War Stories / The Xe TDR Recovery Regression Chain	https://kernel-internals.org/drm/war-stories/xe-tdr-recovery-regression/
Devices & Drivers / GPU / DRM / War Stories / The Scheduler Fairness Evolution	https://kernel-internals.org/drm/war-stories/scheduler-fairness-evolution/
Devices & Drivers / GPU / DRM / War Stories / The msm GPU Recovery/Shrinker Deadlock	https://kernel-internals.org/drm/war-stories/msm-shrinker-deadlock/
Devices & Drivers / GPU / DRM / War Stories / The drm_sched_entity_kill_jobs_cb Lockdep Deadlock	https://kernel-internals.org/drm/war-stories/entity-kill-jobs-deadlock/
Devices & Drivers / GPU / DRM / War Stories / The NO_HANG False Positive	https://kernel-internals.org/drm/war-stories/no-hang-false-positive/
Devices & Drivers / Audio / ALSA	https://kernel-internals.org/alsa/
Devices & Drivers / Audio / ALSA / The PCM Data Path	https://kernel-internals.org/alsa/pcm/
Devices & Drivers / Audio / ALSA / ASoC: Audio for Embedded	https://kernel-internals.org/alsa/asoc/
Devices & Drivers / Audio / ALSA / War Stories / ALSA War Stories	https://kernel-internals.org/alsa/war-stories/
Devices & Drivers / Audio / ALSA / War Stories / The 21-Year-Latent USB Mixer Teardown Use-After-Free	https://kernel-internals.org/alsa/war-stories/mixer-teardown-use-after-free/
Devices & Drivers / Audio / ALSA / War Stories / The USB Audio Clock Descriptor Out-of-Bounds Reads	https://kernel-internals.org/alsa/war-stories/usb-audio-clock-descriptor-oob/
Devices & Drivers / Input / HID	https://kernel-internals.org/input/
Devices & Drivers / Input / HID / The HID Subsystem	https://kernel-internals.org/input/hid/
Devices & Drivers / Input / HID / War Stories / Input/HID War Stories	https://kernel-internals.org/input/war-stories/
Devices & Drivers / Input / HID / War Stories / The Uninitialized HID Report Buffer Kernel Memory Leak	https://kernel-internals.org/input/war-stories/uninitialized-report-buffer-leak/
Devices & Drivers / Input / HID / War Stories / The hid_validate_values() Type Confusion That a 2014 Bug Fix Introduced	https://kernel-internals.org/input/war-stories/hid-validate-values-type-confusion/
Devices & Drivers / TTY / Serial	https://kernel-internals.org/tty/
Devices & Drivers / TTY / Serial / Serial Core and UART Drivers	https://kernel-internals.org/tty/serial/
Devices & Drivers / TTY / Serial / Line Disciplines, termios, and Pseudo-Terminals	https://kernel-internals.org/tty/line-disciplines/
Devices & Drivers / TTY / Serial / War Stories / TTY/Serial War Stories	https://kernel-internals.org/tty/war-stories/
Devices & Drivers / TTY / Serial / War Stories / The n_tty Echo Race: Nine Years From Fix to CISA's Exploited-in-the-Wild List	https://kernel-internals.org/tty/war-stories/n-tty-echo-race/
Devices & Drivers / TTY / Serial / War Stories / The pty_write() Lock That Was Fixed, Un-Fixed, and Fixed Again	https://kernel-internals.org/tty/war-stories/pty-write-lock-saga/
Networking & BPF	https://kernel-internals.org/categories/networking-bpf/
Networking & BPF / Networking	https://kernel-internals.org/net/
Networking & BPF / Networking / Fundamentals / Why Is the Network Stack So Complex?	https://kernel-internals.org/net/network-stack-overview/
Networking & BPF / Networking / Fundamentals / sk_buff: The Network Buffer	https://kernel-internals.org/net/sk-buff/
Networking & BPF / Networking / Fundamentals / Socket Layer Overview	https://kernel-internals.org/net/socket-layer/
Networking & BPF / Networking / Fundamentals / epoll Internals	https://kernel-internals.org/net/epoll/
Networking & BPF / Networking / Fundamentals / Network Device and NAPI	https://kernel-internals.org/net/napi/
Networking & BPF / Networking / Lifecycle / Life of a Packet (receive)	https://kernel-internals.org/net/life-of-packet-rx/
Networking & BPF / Networking / Lifecycle / Life of a Packet (transmit)	https://kernel-internals.org/net/life-of-packet-tx/
Networking & BPF / Networking / Lifecycle / What Happens When You connect()	https://kernel-internals.org/net/connect/
Networking & BPF / Networking / TCP/IP / TCP Implementation	https://kernel-internals.org/net/tcp/
Networking & BPF / Networking / TCP/IP / TCP Congestion Control	https://kernel-internals.org/net/tcp-congestion/
Networking & BPF / Networking / TCP/IP / UDP Internals	https://kernel-internals.org/net/udp/
Networking & BPF / Networking / TCP/IP / IP Routing	https://kernel-internals.org/net/ip-routing/
Networking & BPF / Networking / Filtering / Netfilter Architecture	https://kernel-internals.org/net/netfilter/
Networking & BPF / Networking / Filtering / nftables vs iptables	https://kernel-internals.org/net/nftables-iptables/
Networking & BPF / Networking / Filtering / Connection Tracking	https://kernel-internals.org/net/conntrack/
Networking & BPF / Networking / XDP & TC / XDP (eXpress Data Path)	https://kernel-internals.org/net/xdp/
Networking & BPF / Networking / XDP & TC / AF_XDP Sockets	https://kernel-internals.org/net/af-xdp/
Networking & BPF / Networking / XDP & TC / TC and qdisc	https://kernel-internals.org/net/tc-qdisc/
Networking & BPF / Networking / Advanced / Container Networking	https://kernel-internals.org/net/container-networking/
Networking & BPF / Networking / Advanced / Network Namespaces	https://kernel-internals.org/net/net-namespaces/
Networking & BPF / Networking / Advanced / TUN/TAP Virtual Devices	https://kernel-internals.org/net/tun-tap/
Networking & BPF / Networking / Advanced / AF_PACKET Raw Sockets	https://kernel-internals.org/net/packet-socket/
Networking & BPF / Networking / Advanced / Kernel TLS (kTLS)	https://kernel-internals.org/net/ktls/
Networking & BPF / Networking / Advanced / Netlink	https://kernel-internals.org/net/netlink/
Networking & BPF / Networking / Debugging & Observability / Network Debugging with ss and ip	https://kernel-internals.org/net/net-debugging/
Networking & BPF / Networking / Debugging & Observability / Network Tracing	https://kernel-internals.org/net/net-tracing/
Networking & BPF / Networking / Debugging & Observability / Understanding /proc/net/snmp	https://kernel-internals.org/net/proc-snmp/
Networking & BPF / Networking / Debugging & Observability / Network Buffer Tuning	https://kernel-internals.org/net/net-buffer-tuning/
Networking & BPF / Networking / War Stories / Network War Stories	https://kernel-internals.org/net/war-stories/
Networking & BPF / Networking / War Stories / Netfilter x_tables Heap Overflow	https://kernel-internals.org/net/war-stories/netfilter-xtables/
Networking & BPF / Networking / War Stories / The TCP SACK Panic	https://kernel-internals.org/net/war-stories/sack-panic/
Networking & BPF / Networking / War Stories / SegmentSmack	https://kernel-internals.org/net/war-stories/segmentsmack/
Networking & BPF / Networking / War Stories / UDP UFO Path-Switch Corruption	https://kernel-internals.org/net/war-stories/udp-ufo/
Networking & BPF / Networking / War Stories / AF_PACKET Privilege Escalation	https://kernel-internals.org/net/war-stories/af-packet/
Networking & BPF / Networking / War Stories / The Challenge-ACK Side Channel	https://kernel-internals.org/net/war-stories/challenge-ack/
Networking & BPF / BPF/eBPF	https://kernel-internals.org/bpf/
Networking & BPF / BPF/eBPF / Architecture & Program Types	https://kernel-internals.org/bpf/bpf-overview/
Networking & BPF / BPF/eBPF / BPF Maps	https://kernel-internals.org/bpf/bpf-maps/
Networking & BPF / BPF/eBPF / BPF Verifier	https://kernel-internals.org/bpf/bpf-verifier/
Networking & BPF / BPF/eBPF / BTF and CO-RE	https://kernel-internals.org/bpf/btf-core/
Networking & BPF / BPF/eBPF / libbpf and Skeletons	https://kernel-internals.org/bpf/libbpf/
Networking & BPF / BPF/eBPF / BPF Ring Buffer	https://kernel-internals.org/bpf/bpf-ringbuf/
Networking & BPF / BPF/eBPF / BPF Networking (TC, cgroup, sockmap)	https://kernel-internals.org/bpf/bpf-networking/
Networking & BPF / BPF/eBPF / War Stories / BPF War Stories	https://kernel-internals.org/bpf/war-stories/
Networking & BPF / BPF/eBPF / War Stories / Spectre in the BPF Verifier	https://kernel-internals.org/bpf/war-stories/spectre-verifier/
Networking & BPF / BPF/eBPF / War Stories / Unprivileged BPF Off by Default	https://kernel-internals.org/bpf/war-stories/unprivileged-bpf-off/
Networking & BPF / BPF/eBPF / War Stories / ALU32 Bitwise Bounds Tracking	https://kernel-internals.org/bpf/war-stories/alu32-bitwise-bounds/
Networking & BPF / BPF/eBPF / War Stories / 32-Bit Unsigned Bounds Propagation	https://kernel-internals.org/bpf/war-stories/alu32-unsigned-bounds/
Networking & BPF / BPF/eBPF / War Stories / The jmp32 Bounds Regression	https://kernel-internals.org/bpf/war-stories/jmp32-bounds/
Networking & BPF / BPF/eBPF / War Stories / Sign Extension in check_alu_op()	https://kernel-internals.org/bpf/war-stories/sign-extension/
Isolation & Security	https://kernel-internals.org/categories/isolation-security/
Isolation & Security / Cgroups & Namespaces	https://kernel-internals.org/cgroups/
Isolation & Security / Cgroups & Namespaces / Cgroup v2 Architecture	https://kernel-internals.org/cgroups/cgroup-v2/
Isolation & Security / Cgroups & Namespaces / Resource Controllers	https://kernel-internals.org/cgroups/cgroup-controllers/
Isolation & Security / Cgroups & Namespaces / Namespaces	https://kernel-internals.org/cgroups/namespaces/
Isolation & Security / Cgroups & Namespaces / Container Isolation	https://kernel-internals.org/cgroups/container-isolation/
Isolation & Security / Cgroups & Namespaces / io Controller	https://kernel-internals.org/cgroups/io-cgroup/
Isolation & Security / Cgroups & Namespaces / Cgroup BPF Programs	https://kernel-internals.org/cgroups/cgroup-bpf/
Isolation & Security / Cgroups & Namespaces / systemd and Cgroup Integration	https://kernel-internals.org/cgroups/systemd-cgroups/
Isolation & Security / Cgroups & Namespaces / War Stories	https://kernel-internals.org/cgroups/war-stories/
Isolation & Security / Security	https://kernel-internals.org/security/
Isolation & Security / Security / LSM Framework	https://kernel-internals.org/security/lsm/
Isolation & Security / Security / Capabilities	https://kernel-internals.org/security/capabilities/
Isolation & Security / Security / seccomp BPF	https://kernel-internals.org/security/seccomp/
Isolation & Security / Security / Linux Audit	https://kernel-internals.org/security/audit/
Isolation & Security / Security / Credentials and User Namespaces	https://kernel-internals.org/security/credentials/
Isolation & Security / Security / User Namespaces and uid Mapping	https://kernel-internals.org/security/user-namespaces/
Isolation & Security / Security / dm-crypt (Block Encryption)	https://kernel-internals.org/security/dm-crypt/
Isolation & Security / Security / fscrypt (Per-File Encryption)	https://kernel-internals.org/security/fscrypt/
Isolation & Security / Security / SELinux	https://kernel-internals.org/security/selinux/
Isolation & Security / Security / Kernel Hardening	https://kernel-internals.org/security/kernel-hardening/
Isolation & Security / Security / Landlock Sandboxing	https://kernel-internals.org/security/landlock/
Isolation & Security / Security / War Stories / Security War Stories	https://kernel-internals.org/security/war-stories/
Isolation & Security / Security / War Stories / Dirty Pipe	https://kernel-internals.org/security/war-stories/dirty-pipe/
Isolation & Security / Security / War Stories / The fs_context Legacy Parameter Overflow	https://kernel-internals.org/security/war-stories/fscontext-overflow/
Isolation & Security / Security / War Stories / Stale ptracer Credentials	https://kernel-internals.org/security/war-stories/stale-ptracer-creds/
Isolation & Security / Security / War Stories / Nested User Namespace UID/GID Mapping	https://kernel-internals.org/security/war-stories/nested-userns-uid-mapping/
Isolation & Security / Virtualization	https://kernel-internals.org/virtualization/
Isolation & Security / Virtualization / KVM Architecture	https://kernel-internals.org/virtualization/kvm-arch/
Isolation & Security / Virtualization / Memory Virtualization	https://kernel-internals.org/virtualization/kvm-memory/
Isolation & Security / Virtualization / virtio	https://kernel-internals.org/virtualization/virtio/
Isolation & Security / Virtualization / VFIO Device Passthrough	https://kernel-internals.org/virtualization/vfio/
Isolation & Security / Virtualization / KVM Exit Handling	https://kernel-internals.org/virtualization/kvm-exits/
Isolation & Security / Virtualization / KVM Live Migration	https://kernel-internals.org/virtualization/live-migration/
Isolation & Security / Virtualization / Nested Virtualization	https://kernel-internals.org/virtualization/nested-virt/
Isolation & Security / Virtualization / War Stories / Virtualization War Stories	https://kernel-internals.org/virtualization/war-stories/
Isolation & Security / Virtualization / War Stories / MDS: The Mitigation That Flushed the Buffers Too Early	https://kernel-internals.org/virtualization/war-stories/mds-verw-timing-gap/
Isolation & Security / Virtualization / War Stories / vhost: The Dirty-Log Counter That Forgot Zero-Length Descriptors	https://kernel-internals.org/virtualization/war-stories/vhost-migration-log-overflow/
Isolation & Security / Virtualization / War Stories / The Nested-VMX Refactor That Forgot One Field on the Error Path	https://kernel-internals.org/virtualization/war-stories/nested-vmx-posted-interrupt-uaf/
Isolation & Security / Virtualization / War Stories / L1TF: When a Not-Present Page Table Entry Wasn't Not-Present Enough	https://kernel-internals.org/virtualization/war-stories/l1tf-foreshadow-vmm/
Isolation & Security / Virtualization / War Stories / VENOM: The Floppy Controller Nobody Turned Off	https://kernel-internals.org/virtualization/war-stories/venom-fdc-overflow/
Isolation & Security / Crypto	https://kernel-internals.org/crypto/
Isolation & Security / Crypto / Kernel Crypto API	https://kernel-internals.org/crypto/crypto-api/
Isolation & Security / Crypto / dm-crypt and fscrypt	https://kernel-internals.org/crypto/encryption/
Isolation & Security / Crypto / crypto_engine: Hardware Offload	https://kernel-internals.org/crypto/crypto-engine/
Isolation & Security / Crypto / Kernel Keyring	https://kernel-internals.org/crypto/keyring/
Isolation & Security / Crypto / Random Number Generation	https://kernel-internals.org/crypto/rng/
Isolation & Security / Crypto / Crypto War Stories	https://kernel-internals.org/crypto/war-stories/
Isolation & Security / Live Patching	https://kernel-internals.org/livepatch/
Isolation & Security / Live Patching / Kernel Live Patching	https://kernel-internals.org/livepatch/klp/
Isolation & Security / Live Patching / KLP Consistency Model	https://kernel-internals.org/livepatch/klp-consistency/
Isolation & Security / Live Patching / Cumulative Patches and Atomic Replace	https://kernel-internals.org/livepatch/klp-cumulative/
Isolation & Security / Live Patching / KLP State: Custom Consistency Checks	https://kernel-internals.org/livepatch/klp-state/
Isolation & Security / Live Patching / kexec	https://kernel-internals.org/livepatch/kexec/
Isolation & Security / Live Patching / War Stories	https://kernel-internals.org/livepatch/war-stories/
Observability	https://kernel-internals.org/categories/observability/
Observability / Tracing	https://kernel-internals.org/tracing/
Observability / Tracing / ftrace	https://kernel-internals.org/tracing/ftrace/
Observability / Tracing / ftrace Advanced	https://kernel-internals.org/tracing/ftrace-advanced/
Observability / Tracing / Ring Buffer and tracefs	https://kernel-internals.org/tracing/ring-buffer/
Observability / Tracing / Kprobes and Tracepoints	https://kernel-internals.org/tracing/kprobes-tracepoints/
Observability / Tracing / Trace Events and Dynamic Events	https://kernel-internals.org/tracing/trace-events/
Observability / Tracing / perf Events	https://kernel-internals.org/tracing/perf-events/
Observability / Tracing / perf Profiling Advanced	https://kernel-internals.org/tracing/perf-profiling/
Observability / Tracing / War Stories	https://kernel-internals.org/tracing/war-stories/
Observability / Tracing / uprobes and USDT	https://kernel-internals.org/tracing/uprobes-usdt/
Observability / Tracing / BPF for Tracing	https://kernel-internals.org/tracing/bpf-tracing/
Observability / Kernel Debugging	https://kernel-internals.org/debugging/
Observability / Kernel Debugging / KGDB	https://kernel-internals.org/debugging/kgdb/
Observability / Kernel Debugging / kdump and crash	https://kernel-internals.org/debugging/kdump/
Observability / Kernel Debugging / Oops Analysis	https://kernel-internals.org/debugging/oops-analysis/
Observability / Kernel Debugging / KCSAN (Data Race Detector)	https://kernel-internals.org/debugging/kcsan/
Observability / Kernel Debugging / syzkaller Fuzzing	https://kernel-internals.org/debugging/syzkaller/
Observability / Kernel Debugging / KASAN and KFENCE	https://kernel-internals.org/debugging/kasan-kfence/
Observability / Kernel Debugging / lockdep in Practice	https://kernel-internals.org/debugging/dynamic-debug-lockdep/
Observability / Kernel Debugging / War Stories	https://kernel-internals.org/debugging/war-stories/
Observability / Power Management	https://kernel-internals.org/power/
Observability / Power Management / cpufreq and P-states	https://kernel-internals.org/power/cpufreq/
Observability / Power Management / cpuidle and C-states	https://kernel-internals.org/power/cpuidle/
Observability / Power Management / Thermal Management	https://kernel-internals.org/power/thermal/
Observability / Power Management / Runtime PM	https://kernel-internals.org/power/runtime-pm/
Observability / Power Management / System Suspend	https://kernel-internals.org/power/suspend/
Observability / Power Management / Power Domains and genpd	https://kernel-internals.org/power/power-domains/
Observability / Power Management / Power Capping and RAPL	https://kernel-internals.org/power/power-capping/
Observability / Power Management / War Stories	https://kernel-internals.org/power/war-stories/
What's New	https://kernel-internals.org/changelog/
About	https://kernel-internals.org/about/
About / Contributing	https://kernel-internals.org/contributing/
