Advanced Bash-Scripting Guide	https://tldp.org/LDP/abs/html/index.html
Part 1. Introduction	https://tldp.org/LDP/abs/html/part1.html
Chapter 1. Shell Programming!	https://tldp.org/LDP/abs/html/why-shell.html
Chapter 2. Starting Off With a Sha-Bang	https://tldp.org/LDP/abs/html/sha-bang.html
2.1. Invoking the script	https://tldp.org/LDP/abs/html/invoking.html
2.2. Preliminary Exercises	https://tldp.org/LDP/abs/html/prelimexer.html
Part 2. Basics	https://tldp.org/LDP/abs/html/part2.html
Chapter 3. Special Characters	https://tldp.org/LDP/abs/html/special-chars.html
Chapter 4. Introduction to Variables and Parameters	https://tldp.org/LDP/abs/html/variables.html
4.1. Variable Substitution	https://tldp.org/LDP/abs/html/varsubn.html
4.2. Variable Assignment	https://tldp.org/LDP/abs/html/varassignment.html
4.3. Bash Variables Are Untyped	https://tldp.org/LDP/abs/html/untyped.html
4.4. Special Variable Types	https://tldp.org/LDP/abs/html/othertypesv.html
Chapter 5. Quoting	https://tldp.org/LDP/abs/html/quoting.html
5.1. Quoting Variables	https://tldp.org/LDP/abs/html/quotingvar.html
5.2. Escaping	https://tldp.org/LDP/abs/html/escapingsection.html
Chapter 6. Exit and Exit Status	https://tldp.org/LDP/abs/html/exit-status.html
Chapter 7. Tests	https://tldp.org/LDP/abs/html/tests.html
7.1. Test Constructs	https://tldp.org/LDP/abs/html/testconstructs.html
7.2. File test operators	https://tldp.org/LDP/abs/html/fto.html
7.3. Other Comparison Operators	https://tldp.org/LDP/abs/html/comparison-ops.html
7.4. Nested *`if/then`* Condition Tests	https://tldp.org/LDP/abs/html/nestedifthen.html
7.5. Testing Your Knowledge of Tests	https://tldp.org/LDP/abs/html/testtest.html
Chapter 8. Operations and Related Topics	https://tldp.org/LDP/abs/html/operations.html
8.1. Operators	https://tldp.org/LDP/abs/html/ops.html
8.2. Numerical Constants	https://tldp.org/LDP/abs/html/numerical-constants.html
8.3. The Double-Parentheses Construct	https://tldp.org/LDP/abs/html/dblparens.html
8.4. Operator Precedence	https://tldp.org/LDP/abs/html/opprecedence.html
Part 3. Beyond the Basics	https://tldp.org/LDP/abs/html/part3.html
Chapter 9. Another Look at Variables	https://tldp.org/LDP/abs/html/variables2.html
9.1. Internal Variables	https://tldp.org/LDP/abs/html/internalvariables.html
9.2. Typing variables: **declare** or **typeset**	https://tldp.org/LDP/abs/html/declareref.html
9.3. \$RANDOM: generate random integer	https://tldp.org/LDP/abs/html/randomvar.html
Chapter 10. Manipulating Variables	https://tldp.org/LDP/abs/html/manipulatingvars.html
10.1. Manipulating Strings	https://tldp.org/LDP/abs/html/string-manipulation.html
10.2. Parameter Substitution	https://tldp.org/LDP/abs/html/parameter-substitution.html
Chapter 11. Loops and Branches	https://tldp.org/LDP/abs/html/loops.html
11.1. Loops	https://tldp.org/LDP/abs/html/loops1.html
11.2. Nested Loops	https://tldp.org/LDP/abs/html/nestedloops.html
11.3. Loop Control	https://tldp.org/LDP/abs/html/loopcontrol.html
11.4. Testing and Branching	https://tldp.org/LDP/abs/html/testbranch.html
Chapter 12. Command Substitution	https://tldp.org/LDP/abs/html/commandsub.html
Chapter 13. Arithmetic Expansion	https://tldp.org/LDP/abs/html/arithexp.html
Chapter 14. Recess Time	https://tldp.org/LDP/abs/html/recess-time.html
Part 4. Commands	https://tldp.org/LDP/abs/html/part4.html
Chapter 15. Internal Commands and Builtins	https://tldp.org/LDP/abs/html/internal.html
15.1. Job Control Commands	https://tldp.org/LDP/abs/html/x9644.html
Chapter 16. External Filters, Programs and Commands	https://tldp.org/LDP/abs/html/external.html
16.1. Basic Commands	https://tldp.org/LDP/abs/html/basic.html
16.2. Complex Commands	https://tldp.org/LDP/abs/html/moreadv.html
16.3. Time / Date Commands	https://tldp.org/LDP/abs/html/timedate.html
16.4. Text Processing Commands	https://tldp.org/LDP/abs/html/textproc.html
16.5. File and Archiving Commands	https://tldp.org/LDP/abs/html/filearchiv.html
16.6. Communications Commands	https://tldp.org/LDP/abs/html/communications.html
16.7. Terminal Control Commands	https://tldp.org/LDP/abs/html/terminalccmds.html
16.8. Math Commands	https://tldp.org/LDP/abs/html/mathc.html
16.9. Miscellaneous Commands	https://tldp.org/LDP/abs/html/extmisc.html
Chapter 17. System and Administrative Commands	https://tldp.org/LDP/abs/html/system.html
17.1. Analyzing a System Script	https://tldp.org/LDP/abs/html/sysscripts.html
Part 5. Advanced Topics	https://tldp.org/LDP/abs/html/part5.html
Chapter 18. Regular Expressions	https://tldp.org/LDP/abs/html/regexp.html
18.1. A Brief Introduction to Regular Expressions	https://tldp.org/LDP/abs/html/x17129.html
18.2. Globbing	https://tldp.org/LDP/abs/html/globbingref.html
Chapter 19. Here Documents	https://tldp.org/LDP/abs/html/here-docs.html
19.1. Here Strings	https://tldp.org/LDP/abs/html/x17837.html
Chapter 20. I/O Redirection	https://tldp.org/LDP/abs/html/io-redirection.html
20.1. Using *exec*	https://tldp.org/LDP/abs/html/x17974.html
20.2. Redirecting Code Blocks	https://tldp.org/LDP/abs/html/redircb.html
20.3. Applications	https://tldp.org/LDP/abs/html/redirapps.html
Chapter 21. Subshells	https://tldp.org/LDP/abs/html/subshells.html
Chapter 22. Restricted Shells	https://tldp.org/LDP/abs/html/restricted-sh.html
Chapter 23. Process Substitution	https://tldp.org/LDP/abs/html/process-sub.html
Chapter 24. Functions	https://tldp.org/LDP/abs/html/functions.html
24.1. Complex Functions and Function Complexities	https://tldp.org/LDP/abs/html/complexfunct.html
24.2. Local Variables	https://tldp.org/LDP/abs/html/localvar.html
24.3. Recursion Without Local Variables	https://tldp.org/LDP/abs/html/recurnolocvar.html
Chapter 25. Aliases	https://tldp.org/LDP/abs/html/aliases.html
Chapter 26. List Constructs	https://tldp.org/LDP/abs/html/list-cons.html
Chapter 27. Arrays	https://tldp.org/LDP/abs/html/arrays.html
Chapter 28. Indirect References	https://tldp.org/LDP/abs/html/ivr.html
Chapter 29. `/dev` and `/proc`	https://tldp.org/LDP/abs/html/devproc.html
29.1. `/dev`	https://tldp.org/LDP/abs/html/devref1.html
29.2. `/proc`	https://tldp.org/LDP/abs/html/procref1.html
Chapter 30. Network Programming	https://tldp.org/LDP/abs/html/networkprogramming.html
Chapter 31. Of Zeros and Nulls	https://tldp.org/LDP/abs/html/zeros.html
Chapter 32. Debugging	https://tldp.org/LDP/abs/html/debugging.html
Chapter 33. Options	https://tldp.org/LDP/abs/html/options.html
Chapter 34. Gotchas	https://tldp.org/LDP/abs/html/gotchas.html
Chapter 35. Scripting With Style	https://tldp.org/LDP/abs/html/scrstyle.html
35.1. Unofficial Shell Scripting Stylesheet	https://tldp.org/LDP/abs/html/unofficialst.html
Chapter 36. Miscellany	https://tldp.org/LDP/abs/html/miscellany.html
36.1. Interactive and non-interactive shells and scripts	https://tldp.org/LDP/abs/html/intandnonint.html
36.2. Shell Wrappers	https://tldp.org/LDP/abs/html/wrapper.html
36.3. Tests and Comparisons: Alternatives	https://tldp.org/LDP/abs/html/testsandcomparisons.html
36.4. Recursion: a script calling itself	https://tldp.org/LDP/abs/html/recursionsct.html
36.5. "Colorizing" Scripts	https://tldp.org/LDP/abs/html/colorizing.html
36.6. Optimizations	https://tldp.org/LDP/abs/html/optimizations.html
36.7. Assorted Tips	https://tldp.org/LDP/abs/html/assortedtips.html
36.8. Security Issues	https://tldp.org/LDP/abs/html/securityissues.html
36.9. Portability Issues	https://tldp.org/LDP/abs/html/portabilityissues.html
36.10. Shell Scripting Under Windows	https://tldp.org/LDP/abs/html/winscript.html
Chapter 37. Bash, versions 2, 3, and 4	https://tldp.org/LDP/abs/html/bash2.html
37.1. Bash, version 2	https://tldp.org/LDP/abs/html/bashver2.html
37.2. Bash, version 3	https://tldp.org/LDP/abs/html/bashver3.html
37.3. Bash, version 4	https://tldp.org/LDP/abs/html/bashver4.html
Chapter 38. Endnotes	https://tldp.org/LDP/abs/html/endnotes.html
38.1. Author's Note	https://tldp.org/LDP/abs/html/authorsnote.html
38.2. About the Author	https://tldp.org/LDP/abs/html/aboutauthor.html
38.3. Where to Go For Help	https://tldp.org/LDP/abs/html/wherehelp.html
38.4. Tools Used to Produce This Book	https://tldp.org/LDP/abs/html/toolsused.html
38.5. Credits	https://tldp.org/LDP/abs/html/credits.html
38.6. Disclaimer	https://tldp.org/LDP/abs/html/disclaimer.html
Bibliography	https://tldp.org/LDP/abs/html/biblio.html
Appendix A. Contributed Scripts	https://tldp.org/LDP/abs/html/contributed-scripts.html
Appendix B. Reference Cards	https://tldp.org/LDP/abs/html/refcards.html
Appendix C. A Sed and Awk Micro-Primer	https://tldp.org/LDP/abs/html/sedawk.html
C.1. Sed	https://tldp.org/LDP/abs/html/x23170.html
C.2. Awk	https://tldp.org/LDP/abs/html/awk.html
Appendix D. Parsing and Managing Pathnames	https://tldp.org/LDP/abs/html/pathmanagement.html
Appendix E. Exit Codes With Special Meanings	https://tldp.org/LDP/abs/html/exitcodes.html
Appendix F. A Detailed Introduction to I/O and I/O Redirection	https://tldp.org/LDP/abs/html/ioredirintro.html
Appendix G. Command-Line Options	https://tldp.org/LDP/abs/html/command-line-options.html
G.1. Standard Command-Line Options	https://tldp.org/LDP/abs/html/standard-options.html
G.2. Bash Command-Line Options	https://tldp.org/LDP/abs/html/bash-options.html
Appendix H. Important Files	https://tldp.org/LDP/abs/html/files.html
Appendix I. Important System Directories	https://tldp.org/LDP/abs/html/systemdirs.html
Appendix J. An Introduction to Programmable Completion	https://tldp.org/LDP/abs/html/tabexpansion.html
Appendix K. Localization	https://tldp.org/LDP/abs/html/localization.html
Appendix L. History Commands	https://tldp.org/LDP/abs/html/histcommands.html
Appendix M. Sample `.bashrc` and `.bash_profile` Files	https://tldp.org/LDP/abs/html/sample-bashrc.html
Appendix N. Converting DOS Batch Files to Shell Scripts	https://tldp.org/LDP/abs/html/dosbatch.html
Appendix O. Exercises	https://tldp.org/LDP/abs/html/exercises.html
O.1. Analyzing Scripts	https://tldp.org/LDP/abs/html/scriptanalysis.html
O.2. Writing Scripts	https://tldp.org/LDP/abs/html/writingscripts.html
Appendix P. Revision History	https://tldp.org/LDP/abs/html/revisionhistory.html
Appendix Q. Download and Mirror Sites	https://tldp.org/LDP/abs/html/mirrorsites.html
Appendix R. To Do List	https://tldp.org/LDP/abs/html/todolist.html
Appendix S. Copyright	https://tldp.org/LDP/abs/html/copyright.html
Appendix T. ASCII Table	https://tldp.org/LDP/abs/html/asciitable.html
Index	https://tldp.org/LDP/abs/html/xrefindex.html
