Lectures: Introduction	https://linux-kernel-labs.github.io/refs/heads/master/lectures/intro.html
Lectures: System Calls	https://linux-kernel-labs.github.io/refs/heads/master/lectures/syscalls.html
Lectures: Processes	https://linux-kernel-labs.github.io/refs/heads/master/lectures/processes.html
Lectures: Interrupts	https://linux-kernel-labs.github.io/refs/heads/master/lectures/interrupts.html
Lectures: Symmetric Multi-Processing	https://linux-kernel-labs.github.io/refs/heads/master/lectures/smp.html
Lectures: Address Space	https://linux-kernel-labs.github.io/refs/heads/master/lectures/address-space.html
Lectures: Memory Management	https://linux-kernel-labs.github.io/refs/heads/master/lectures/memory-management.html
Lectures: Filesystem Management	https://linux-kernel-labs.github.io/refs/heads/master/lectures/fs.html
Lectures: Debugging	https://linux-kernel-labs.github.io/refs/heads/master/lectures/debugging.html
Lectures: Network Management	https://linux-kernel-labs.github.io/refs/heads/master/lectures/networking.html
Lectures: Architecture Layer	https://linux-kernel-labs.github.io/refs/heads/master/lectures/arch.html
Lectures: Virtualization	https://linux-kernel-labs.github.io/refs/heads/master/lectures/virt.html
Labs: Infrastructure	https://linux-kernel-labs.github.io/refs/heads/master/labs/infrastructure.html
Labs: Introduction	https://linux-kernel-labs.github.io/refs/heads/master/labs/introduction.html
Labs: Kernel modules	https://linux-kernel-labs.github.io/refs/heads/master/labs/kernel_modules.html
Labs: Kernel API	https://linux-kernel-labs.github.io/refs/heads/master/labs/kernel_api.html
Labs: Character device drivers	https://linux-kernel-labs.github.io/refs/heads/master/labs/device_drivers.html
Labs: I/O access and Interrupts	https://linux-kernel-labs.github.io/refs/heads/master/labs/interrupts.html
Labs: Deferred work	https://linux-kernel-labs.github.io/refs/heads/master/labs/deferred_work.html
Labs: Block Device Drivers	https://linux-kernel-labs.github.io/refs/heads/master/labs/block_device_drivers.html
Labs: File system drivers (Part 1)	https://linux-kernel-labs.github.io/refs/heads/master/labs/filesystems_part1.html
Labs: File system drivers (Part 2)	https://linux-kernel-labs.github.io/refs/heads/master/labs/filesystems_part2.html
Labs: Networking	https://linux-kernel-labs.github.io/refs/heads/master/labs/networking.html
Labs: Kernel Development on ARM	https://linux-kernel-labs.github.io/refs/heads/master/labs/arm_kernel_development.html
Labs: Memory mapping	https://linux-kernel-labs.github.io/refs/heads/master/labs/memory_mapping.html
Labs: Linux Device Model	https://linux-kernel-labs.github.io/refs/heads/master/labs/device_model.html
Labs: Kernel Profiling	https://linux-kernel-labs.github.io/refs/heads/master/labs/kernel_profiling.html
