P1. An introduction	An Introduction to JavaScript	https://javascript.info/intro
P1. An introduction	Manuals and specifications	https://javascript.info/manuals-specifications
P1. An introduction	Code editors	https://javascript.info/code-editors
P1. An introduction	Developer console	https://javascript.info/devtools
P1. JavaScript Fundamentals	Hello, world!	https://javascript.info/hello-world
P1. JavaScript Fundamentals	Code structure	https://javascript.info/structure
P1. JavaScript Fundamentals	The modern mode, "use strict"	https://javascript.info/strict-mode
P1. JavaScript Fundamentals	Variables	https://javascript.info/variables
P1. JavaScript Fundamentals	Data types	https://javascript.info/types
P1. JavaScript Fundamentals	Interaction: alert, prompt, confirm	https://javascript.info/alert-prompt-confirm
P1. JavaScript Fundamentals	Type Conversions	https://javascript.info/type-conversions
P1. JavaScript Fundamentals	Basic operators, maths	https://javascript.info/operators
P1. JavaScript Fundamentals	Comparisons	https://javascript.info/comparison
P1. JavaScript Fundamentals	Conditional branching: if, '?'	https://javascript.info/ifelse
P1. JavaScript Fundamentals	Logical operators	https://javascript.info/logical-operators
P1. JavaScript Fundamentals	Nullish coalescing operator '??'	https://javascript.info/nullish-coalescing-operator
P1. JavaScript Fundamentals	Loops: while and for	https://javascript.info/while-for
P1. JavaScript Fundamentals	The "switch" statement	https://javascript.info/switch
P1. JavaScript Fundamentals	Functions	https://javascript.info/function-basics
P1. JavaScript Fundamentals	Function expressions	https://javascript.info/function-expressions
P1. JavaScript Fundamentals	Arrow functions, the basics	https://javascript.info/arrow-functions-basics
P1. JavaScript Fundamentals	JavaScript specials	https://javascript.info/javascript-specials
P1. Code quality	Debugging in the browser	https://javascript.info/debugging-chrome
P1. Code quality	Coding Style	https://javascript.info/coding-style
P1. Code quality	Comments	https://javascript.info/comments
P1. Code quality	Ninja code	https://javascript.info/ninja-code
P1. Code quality	Automated testing with Mocha	https://javascript.info/testing-mocha
P1. Code quality	Polyfills and transpilers	https://javascript.info/polyfills
P1. Objects: the basics	Objects	https://javascript.info/object
P1. Objects: the basics	Object references and copying	https://javascript.info/object-copy
P1. Objects: the basics	Garbage collection	https://javascript.info/garbage-collection
P1. Objects: the basics	Object methods, "this"	https://javascript.info/object-methods
P1. Objects: the basics	Constructor, operator "new"	https://javascript.info/constructor-new
P1. Objects: the basics	Optional chaining '?.'	https://javascript.info/optional-chaining
P1. Objects: the basics	Symbol type	https://javascript.info/symbol
P1. Objects: the basics	Object to primitive conversion	https://javascript.info/object-toprimitive
P1. Data types	Methods of primitives	https://javascript.info/primitives-methods
P1. Data types	Numbers	https://javascript.info/number
P1. Data types	Strings	https://javascript.info/string
P1. Data types	Arrays	https://javascript.info/array
P1. Data types	Array methods	https://javascript.info/array-methods
P1. Data types	Iterables	https://javascript.info/iterable
P1. Data types	Map and Set	https://javascript.info/map-set
P1. Data types	WeakMap and WeakSet	https://javascript.info/weakmap-weakset
P1. Data types	Object.keys, values, entries	https://javascript.info/keys-values-entries
P1. Data types	Destructuring assignment	https://javascript.info/destructuring-assignment
P1. Data types	Date and time	https://javascript.info/date
P1. Data types	JSON methods, toJSON	https://javascript.info/json
P1. Advanced working with functions	Recursion and stack	https://javascript.info/recursion
P1. Advanced working with functions	Rest parameters and spread syntax	https://javascript.info/rest-parameters-spread
P1. Advanced working with functions	Variable scope, closure	https://javascript.info/closure
P1. Advanced working with functions	The old "var"	https://javascript.info/var
P1. Advanced working with functions	Global object	https://javascript.info/global-object
P1. Advanced working with functions	Function object, NFE	https://javascript.info/function-object
P1. Advanced working with functions	The "new Function" syntax	https://javascript.info/new-function
P1. Advanced working with functions	Scheduling: setTimeout and setInterval	https://javascript.info/settimeout-setinterval
P1. Advanced working with functions	Decorators and forwarding, call/apply	https://javascript.info/call-apply-decorators
P1. Advanced working with functions	Function binding	https://javascript.info/bind
P1. Advanced working with functions	Arrow functions revisited	https://javascript.info/arrow-functions
P1. Object properties configuration	Property flags and descriptors	https://javascript.info/property-descriptors
P1. Object properties configuration	Property getters and setters	https://javascript.info/property-accessors
P1. Prototypes, inheritance	Prototypal inheritance	https://javascript.info/prototype-inheritance
P1. Prototypes, inheritance	F.prototype	https://javascript.info/function-prototype
P1. Prototypes, inheritance	Native prototypes	https://javascript.info/native-prototypes
P1. Prototypes, inheritance	Prototype methods, objects without __proto__	https://javascript.info/prototype-methods
P1. Classes	Class basic syntax	https://javascript.info/class
P1. Classes	Class inheritance	https://javascript.info/class-inheritance
P1. Classes	Static properties and methods	https://javascript.info/static-properties-methods
P1. Classes	Private and protected properties and methods	https://javascript.info/private-protected-properties-methods
P1. Classes	Extending built-in classes	https://javascript.info/extend-natives
P1. Classes	Class checking: "instanceof"	https://javascript.info/instanceof
P1. Classes	Mixins	https://javascript.info/mixins
P1. Error handling	Error handling, "try...catch"	https://javascript.info/try-catch
P1. Error handling	Custom errors, extending Error	https://javascript.info/custom-errors
P1. Promises, async/await	Introduction: callbacks	https://javascript.info/callbacks
P1. Promises, async/await	Promise	https://javascript.info/promise-basics
P1. Promises, async/await	Promises chaining	https://javascript.info/promise-chaining
P1. Promises, async/await	Error handling with promises	https://javascript.info/promise-error-handling
P1. Promises, async/await	Promise API	https://javascript.info/promise-api
P1. Promises, async/await	Promisification	https://javascript.info/promisify
P1. Promises, async/await	Microtasks	https://javascript.info/microtask-queue
P1. Promises, async/await	Async/await	https://javascript.info/async-await
P1. Generators, advanced iteration	Generators	https://javascript.info/generators
P1. Generators, advanced iteration	Async iteration and generators	https://javascript.info/async-iterators-generators
P1. Modules	Modules, introduction	https://javascript.info/modules-intro
P1. Modules	Export and Import	https://javascript.info/import-export
P1. Modules	Dynamic imports	https://javascript.info/modules-dynamic-imports
P1. Miscellaneous	Proxy and Reflect	https://javascript.info/proxy
P1. Miscellaneous	Eval: run a code string	https://javascript.info/eval
P1. Miscellaneous	Currying	https://javascript.info/currying-partials
P1. Miscellaneous	Reference Type	https://javascript.info/reference-type
P1. Miscellaneous	BigInt	https://javascript.info/bigint
P1. Miscellaneous	Unicode, String internals	https://javascript.info/unicode
P1. Miscellaneous	WeakRef and FinalizationRegistry	https://javascript.info/weakref-finalizationregistry
P2. Document	Browser environment, specs	https://javascript.info/browser-environment
P2. Document	DOM tree	https://javascript.info/dom-nodes
P2. Document	Walking the DOM	https://javascript.info/dom-navigation
P2. Document	Searching: getElement*, querySelector*	https://javascript.info/searching-elements-dom
P2. Document	Node properties: type, tag and contents	https://javascript.info/basic-dom-node-properties
P2. Document	Attributes and properties	https://javascript.info/dom-attributes-and-properties
P2. Document	Modifying the document	https://javascript.info/modifying-document
P2. Document	Styles and classes	https://javascript.info/styles-and-classes
P2. Document	Element size and scrolling	https://javascript.info/size-and-scroll
P2. Document	Window sizes and scrolling	https://javascript.info/size-and-scroll-window
P2. Document	Coordinates	https://javascript.info/coordinates
P2. Introduction to Events	Introduction to browser events	https://javascript.info/introduction-browser-events
P2. Introduction to Events	Bubbling and capturing	https://javascript.info/bubbling-and-capturing
P2. Introduction to Events	Event delegation	https://javascript.info/event-delegation
P2. Introduction to Events	Browser default actions	https://javascript.info/default-browser-action
P2. Introduction to Events	Dispatching custom events	https://javascript.info/dispatch-events
P2. UI Events	Mouse events	https://javascript.info/mouse-events-basics
P2. UI Events	Moving the mouse: mouseover/out, mouseenter/leave	https://javascript.info/mousemove-mouseover-mouseout-mouseenter-mouseleave
P2. UI Events	Drag'n'Drop with mouse events	https://javascript.info/mouse-drag-and-drop
P2. UI Events	Pointer events	https://javascript.info/pointer-events
P2. UI Events	Keyboard: keydown and keyup	https://javascript.info/keyboard-events
P2. UI Events	Scrolling	https://javascript.info/onscroll
P2. Forms, controls	Form properties and methods	https://javascript.info/form-elements
P2. Forms, controls	Focusing: focus/blur	https://javascript.info/focus-blur
P2. Forms, controls	Events: change, input, cut, copy, paste	https://javascript.info/events-change-input
P2. Forms, controls	Forms: event and method submit	https://javascript.info/forms-submit
P2. Document and resource loading	Page: DOMContentLoaded, load, beforeunload, unload	https://javascript.info/onload-ondomcontentloaded
P2. Document and resource loading	Scripts: async, defer	https://javascript.info/script-async-defer
P2. Document and resource loading	Resource loading: onload and onerror	https://javascript.info/onload-onerror
P2. Miscellaneous	Mutation observer	https://javascript.info/mutation-observer
P2. Miscellaneous	Selection and Range	https://javascript.info/selection-range
P2. Miscellaneous	Event loop: microtasks and macrotasks	https://javascript.info/event-loop
P3. Frames and windows	Popups and window methods	https://javascript.info/popup-windows
P3. Frames and windows	Cross-window communication	https://javascript.info/cross-window-communication
P3. Frames and windows	The clickjacking attack	https://javascript.info/clickjacking
P3. Binary data, files	ArrayBuffer, binary arrays	https://javascript.info/arraybuffer-binary-arrays
P3. Binary data, files	TextDecoder and TextEncoder	https://javascript.info/text-decoder
P3. Binary data, files	Blob	https://javascript.info/blob
P3. Binary data, files	File and FileReader	https://javascript.info/file
P3. Network requests	Fetch	https://javascript.info/fetch
P3. Network requests	FormData	https://javascript.info/formdata
P3. Network requests	Fetch: Download progress	https://javascript.info/fetch-progress
P3. Network requests	Fetch: Abort	https://javascript.info/fetch-abort
P3. Network requests	Fetch: Cross-Origin Requests	https://javascript.info/fetch-crossorigin
P3. Network requests	Fetch API	https://javascript.info/fetch-api
P3. Network requests	URL objects	https://javascript.info/url
P3. Network requests	XMLHttpRequest	https://javascript.info/xmlhttprequest
P3. Network requests	Resumable file upload	https://javascript.info/resume-upload
P3. Network requests	Long polling	https://javascript.info/long-polling
P3. Network requests	WebSocket	https://javascript.info/websocket
P3. Network requests	Server Sent Events	https://javascript.info/server-sent-events
P3. Storing data in the browser	Cookies, document.cookie	https://javascript.info/cookie
P3. Storing data in the browser	LocalStorage, sessionStorage	https://javascript.info/localstorage
P3. Storing data in the browser	IndexedDB	https://javascript.info/indexeddb
P3. Animation	Bezier curve	https://javascript.info/bezier-curve
P3. Animation	CSS-animations	https://javascript.info/css-animations
P3. Animation	JavaScript animations	https://javascript.info/js-animation
P3. Web components	From the orbital height	https://javascript.info/webcomponents-intro
P3. Web components	Custom elements	https://javascript.info/custom-elements
P3. Web components	Shadow DOM	https://javascript.info/shadow-dom
P3. Web components	Template element	https://javascript.info/template-element
P3. Web components	Shadow DOM slots, composition	https://javascript.info/slots-composition
P3. Web components	Shadow DOM styling	https://javascript.info/shadow-dom-style
P3. Web components	Shadow DOM and events	https://javascript.info/shadow-dom-events
P3. Regular expressions	Patterns and flags	https://javascript.info/regexp-introduction
P3. Regular expressions	Character classes	https://javascript.info/regexp-character-classes
P3. Regular expressions	Unicode: flag "u" and class \p{...}	https://javascript.info/regexp-unicode
P3. Regular expressions	Anchors: string start ^ and end $	https://javascript.info/regexp-anchors
P3. Regular expressions	Multiline mode of anchors ^ $, flag "m"	https://javascript.info/regexp-multiline-mode
P3. Regular expressions	Word boundary: \b	https://javascript.info/regexp-boundary
P3. Regular expressions	Escaping, special characters	https://javascript.info/regexp-escaping
P3. Regular expressions	Sets and ranges [...]	https://javascript.info/regexp-character-sets-and-ranges
P3. Regular expressions	Quantifiers +, *, ? and {n}	https://javascript.info/regexp-quantifiers
P3. Regular expressions	Greedy and lazy quantifiers	https://javascript.info/regexp-greedy-and-lazy
P3. Regular expressions	Capturing groups	https://javascript.info/regexp-groups
P3. Regular expressions	Backreferences in pattern: \N and \k<name>	https://javascript.info/regexp-backreferences
P3. Regular expressions	Alternation (OR) |	https://javascript.info/regexp-alternation
P3. Regular expressions	Lookahead and lookbehind	https://javascript.info/regexp-lookahead-lookbehind
P3. Regular expressions	Catastrophic backtracking	https://javascript.info/regexp-catastrophic-backtracking
P3. Regular expressions	Sticky flag "y", searching at position	https://javascript.info/regexp-sticky
P3. Regular expressions	Methods of RegExp and String	https://javascript.info/regexp-methods
