Thread Count Scaling Part 5. Summary	https://easyperf.net/blog/2024/05/10/Thread-Count-Scaling-Part5
Thread Count Scaling Part 4. CloverLeaf and CPython	https://easyperf.net/blog/2024/05/10/Thread-Count-Scaling-Part4
Thread Count Scaling Part 3. Zstandard	https://easyperf.net/blog/2024/05/10/Thread-Count-Scaling-Part3
Thread Count Scaling Part 2. Blender and Clang	https://easyperf.net/blog/2024/05/10/Thread-Count-Scaling-Part2
Thread Count Scaling Part 1. Introduction	https://easyperf.net/blog/2024/05/10/Thread-Count-Scaling-Part1
Memory Profiling Part 5. Data Locality and Reuse Distances	https://easyperf.net/blog/2024/02/12/Memory-Profiling-Part5
Memory Profiling Part 4. Memory Footprint Case Study	https://easyperf.net/blog/2024/02/12/Memory-Profiling-Part4
Memory Profiling Part 3. Memory Footprint with SDE	https://easyperf.net/blog/2024/02/12/Memory-Profiling-Part3
Memory Profiling Part 2. Memory Usage Case Study	https://easyperf.net/blog/2024/02/12/Memory-Profiling-Part2
Memory Profiling Part 1. Introduction	https://easyperf.net/blog/2024/02/12/Memory-Profiling-Part1
Four Cornerstones of CPU Performance.	https://easyperf.net/blog/2022/10/17/Four-Cornerstones-of-CPU-Performance
Performance Benefits of Using Huge Pages for Code.	https://easyperf.net/blog/2022/09/01/Utilizing-Huge-Pages-For-Code
Visualizing Performance-Critical Dependency Chains.	https://easyperf.net/blog/2022/05/11/Visualizing-Performance-Critical-Dependency-Chains
Highlights from Twitter Spaces discussions 2021.	https://easyperf.net/blog/2021/12/17/Twitter-Spaces-Highlights-2021
HW and SW rules of thumb.	https://easyperf.net/blog/2020/04/01/HW-SW-rules-of-thumb
Guest post: COZ vs Sampling Profilers.	https://easyperf.net/blog/2020/02/26/coz-vs-sampling-profilers
Benchmarking: compare measurements and check which is faster.	https://easyperf.net/blog/2019/12/30/Comparing-performance-measurements
Detect false sharing with Data Address Profiling.	https://easyperf.net/blog/2019/12/17/Detecting-false-sharing-using-perf
Data-Driven tuning. Specialize indirect call.	https://easyperf.net/blog/2019/11/27/data-driven-tuning-specialize-indirect-call
Data-Driven tuning. Specialize switch with one hot case.	https://easyperf.net/blog/2019/11/22/data-driven-tuning-specialize-switch
How to find expensive locks in multithreaded application.	https://easyperf.net/blog/2019/10/12/MT-Perf-Analysis-part2
Performance analysis of multithreaded applications.	https://easyperf.net/blog/2019/10/05/Performance-Analysis-Of-MT-apps
Intel Processor Trace Part4. Better profiling experience.	https://easyperf.net/blog/2019/09/13/Intel-PT-part4
Intel Processor Trace Part3. Analyzing performance glitches.	https://easyperf.net/blog/2019/09/06/Intel-PT-part3
Intel Processor Trace Part2. Better debugging experience.	https://easyperf.net/blog/2019/08/30/Intel-PT-part2
Enhance performance analysis with Intel Processor Trace.	https://easyperf.net/blog/2019/08/23/Intel-Processor-Trace
How to get consistent results when benchmarking on Linux?	https://easyperf.net/blog/2019/08/02/Perf-measurement-environment-on-Linux
Developing intuition when working with performance counters.	https://easyperf.net/blog/2019/07/26/Developing-intuition-when-working-with-performance-counters
Estimating branch probability using Intel LBR feature.	https://easyperf.net/blog/2019/05/06/Estimating-branch-probability
Precise timing of machine code with Linux perf.	https://easyperf.net/blog/2019/04/03/Precise-timing-of-machine-code-with-Linux-perf
Machine code layout optimizations.	https://easyperf.net/blog/2019/03/27/Machine-code-layout-optimizatoins
How to collect CPU performance counters on Windows?	https://easyperf.net/blog/2019/02/23/How-to-collect-performance-counters-on-Windows
Top-Down performance analysis methodology.	https://easyperf.net/blog/2019/02/09/Top-Down-performance-analysis-methodology
Understanding IDQ_UOPS_NOT_DELIVERED performance counter.	https://easyperf.net/blog/2018/12/29/Understanding-IDQ_UOPS_NOT_DELIVERED
Using denormal values is slow. How to detect it?	https://easyperf.net/blog/2018/11/08/Using-denormal-floats-is-slow-how-to-detect-it
Performance analysis vocabulary.	https://easyperf.net/blog/2018/09/04/Performance-Analysis-Vocabulary
Understanding performance events skid.	https://easyperf.net/blog/2018/08/29/Understanding-performance-events-skid
Basics of profiling with perf.	https://easyperf.net/blog/2018/08/26/Basics-of-profiling-with-perf
Improving performance by better code locality.	https://easyperf.net/blog/2018/07/09/Improving-performance-by-better-code-locality
Advanced profiling topics. PEBS and LBR.	https://easyperf.net/blog/2018/06/08/Advanced-profiling-topics-PEBS-and-LBR
PMU counters and profiling basics.	https://easyperf.net/blog/2018/06/01/PMU-counters-and-profiling-basics
What optimizations you can expect from CPU?	https://easyperf.net/blog/2018/04/22/What-optimizations-you-can-expect-from-CPU
Tools for microarchitectural benchmarking.	https://easyperf.net/blog/2018/04/03/Tools-for-microarchitectural-benchmarking
Understanding CPU port contention.	https://easyperf.net/blog/2018/03/21/port-contention
Store forwarding by example.	https://easyperf.net/blog/2018/03/09/Store-forwarding
MacroFusion in Intel CPUs.	https://easyperf.net/blog/2018/02/23/MacroFusion-in-Intel-CPUs
MicroFusion in Intel CPUs.	https://easyperf.net/blog/2018/02/15/MicroFusion-in-Intel-CPUs
Microbenchmarking fused instruction.	https://easyperf.net/blog/2018/02/04/Micro-ops-fusion
Code alignment options in llvm.	https://easyperf.net/blog/2018/01/25/Code_alignment_options_in_llvm
Code alignment issues.	https://easyperf.net/blog/2018/01/18/Code_alignment_issues
Vectorization part7. Tips for writing vectorizable code.	https://easyperf.net/blog/2017/11/10/Tips_for_writing_vectorizable_code
Vectorization part6. Multiversioning by trip counts.	https://easyperf.net/blog/2017/11/09/Multiversioning_by_trip_counts
Vectorization part5. Multiversioning by data dependency.	https://easyperf.net/blog/2017/11/03/Multiversioning_by_DD
Vectorization part4. Vectorization Width.	https://easyperf.net/blog/2017/11/02/Vectorization_width
Vectorization part3. Compiler report.	https://easyperf.net/blog/2017/10/30/Compiler-optimization-report
Vectorization part2. Warmup.	https://easyperf.net/blog/2017/10/27/Vectorization_warmup
Vectorization part1. Intro.	https://easyperf.net/blog/2017/10/24/Vectorization_part1
Small size optimization.	https://easyperf.net/blog/2016/11/25/Small_size_optimization
