The Rizin Handbook: A Guide to Reverse Engineering with the Rizin Framework	https://book.rizin.re/index.html
1 The Rizin Framework	https://book.rizin.re/src/introduction/overview.html
2 Getting Rizin	https://book.rizin.re/src/introduction/getting_rizin.html
3 Compilation and Portability	https://book.rizin.re/src/introduction/compilation_portability.html
4 Windows	https://book.rizin.re/src/introduction/windows_compilation.html
5 Android	https://book.rizin.re/src/introduction/compilation_android.html
6 Basic Rizin Usage	https://book.rizin.re/src/first_steps/intro.html
7 Shell Command-line Options	https://book.rizin.re/src/first_steps/commandline_options.html
8 Rizin Command-line	https://book.rizin.re/src/first_steps/commandline_rizin.html
9 Expressions	https://book.rizin.re/src/first_steps/expressions.html
10 Basic Debugger Session	https://book.rizin.re/src/first_steps/basic_debugger_session.html
11 Contributing	https://book.rizin.re/src/first_steps/contributing.html
12 Introduction	https://book.rizin.re/src/configuration/intro.html
13 Colors & Themes	https://book.rizin.re/src/configuration/colors.html
14 Evaluable Variables	https://book.rizin.re/src/configuration/evars.html
15 Initial Scripts	https://book.rizin.re/src/configuration/initial_scripts.html
16 Compile-Time Variables	https://book.rizin.re/src/configuration/compile_time_variables.html
17 Run-Time Variables	https://book.rizin.re/src/configuration/run_time_variables.html
18 Basic Commands	https://book.rizin.re/src/basic_commands/intro.html
19 Seeking	https://book.rizin.re/src/basic_commands/seeking.html
20 Block Size	https://book.rizin.re/src/basic_commands/block_size.html
21 Sections	https://book.rizin.re/src/basic_commands/sections.html
22 Mapping Files	https://book.rizin.re/src/basic_commands/mapping_files.html
23 Print Modes	https://book.rizin.re/src/basic_commands/print_modes.html
24 Flags	https://book.rizin.re/src/basic_commands/flags.html
25 Writing Data	https://book.rizin.re/src/basic_commands/write.html
26 Yank/Paste	https://book.rizin.re/src/basic_commands/yank_paste.html
27 Comparing Bytes	https://book.rizin.re/src/basic_commands/comparing_bytes.html
28 SDB	https://book.rizin.re/src/basic_commands/sdb.html
29 Dietline	https://book.rizin.re/src/basic_commands/dietline.html
30 Visual Mode	https://book.rizin.re/src/visual_mode/intro.html
31 Visual Disassembly	https://book.rizin.re/src/visual_mode/visual_disassembly.html
32 Visual Assembler	https://book.rizin.re/src/visual_mode/visual_assembler.html
33 Visual Configuration Editor	https://book.rizin.re/src/visual_mode/visual_configuration_editor.html
34 Visual Panels	https://book.rizin.re/src/visual_mode/visual_panels.html
35 Searching for Bytes	https://book.rizin.re/src/search_bytes/intro.html
36 Basic Search	https://book.rizin.re/src/search_bytes/basic_searches.html
37 Configuring Search Options	https://book.rizin.re/src/search_bytes/configurating_the_search.html
38 Pattern Matching Search	https://book.rizin.re/src/search_bytes/pattern_search.html
39 Search Automation	https://book.rizin.re/src/search_bytes/automation.html
40 Searching Backwards	https://book.rizin.re/src/search_bytes/backward_search.html
41 Assembler Search	https://book.rizin.re/src/search_bytes/search_in_assembly.html
42 Searching for AES Keys	https://book.rizin.re/src/search_bytes/searching_aes_keys.html
43 Disassembling	https://book.rizin.re/src/disassembling/intro.html
44 Adding Metadata to Disassembly	https://book.rizin.re/src/disassembling/adding_metadata.html
45 RzIL	https://book.rizin.re/src/disassembling/rzil.html
46 ESIL	https://book.rizin.re/src/disassembling/esil.html
47 Data and Code Analysis	https://book.rizin.re/src/analysis/intro.html
48 Code Analysis	https://book.rizin.re/src/analysis/code_analysis.html
49 Managing variables	https://book.rizin.re/src/analysis/variables.html
50 Types	https://book.rizin.re/src/analysis/types.html
51 Calling Conventions	https://book.rizin.re/src/analysis/calling_conventions.html
52 Virtual Tables	https://book.rizin.re/src/analysis/vtables.html
53 Syscalls	https://book.rizin.re/src/analysis/syscalls.html
54 Emulation	https://book.rizin.re/src/analysis/emulation.html
55 Symbols	https://book.rizin.re/src/analysis/symbols.html
56 Signatures	https://book.rizin.re/src/analysis/signatures.html
57 Graph commands	https://book.rizin.re/src/analysis/graphs.html
58 CPU and platform profiles	https://book.rizin.re/src/analysis/cpu_platform_profiles.html
59 Scripting	https://book.rizin.re/src/scripting/intro.html
60 Loops	https://book.rizin.re/src/scripting/loops.html
61 Macros	https://book.rizin.re/src/scripting/macros.html
62 Rz-pipe	https://book.rizin.re/src/scripting/rz-pipe.html
63 Debugger	https://book.rizin.re/src/debugger/intro.html
64 Getting Started	https://book.rizin.re/src/debugger/getting_started.html
65 Migration from IDA, GDB or WinDBG	https://book.rizin.re/src/debugger/migration.html
66 Registers	https://book.rizin.re/src/debugger/registers.html
67 Memory Maps	https://book.rizin.re/src/debugger/memory_maps.html
68 Heap	https://book.rizin.re/src/debugger/heap.html
69 Files	https://book.rizin.re/src/debugger/files.html
70 Reverse Debugging	https://book.rizin.re/src/debugger/revdebug.html
71 Windows Messages	https://book.rizin.re/src/debugger/windows_messages.html
72 macOS/iOS	https://book.rizin.re/src/debugger/apple.html
73 Remote Access Capabilities	https://book.rizin.re/src/remote_access/remoting_capabilities.html
74 Debugging with gdbserver	https://book.rizin.re/src/remote_access/remote_gdb.html
75 WinDBG Kernel-mode Debugging (KD)	https://book.rizin.re/src/remote_access/windbg.html
76 Tools	https://book.rizin.re/src/tools/intro.html
77 Rz-ax	https://book.rizin.re/src/tools/rz-ax/intro.html
78 Rz-find	https://book.rizin.re/src/tools/rz-find/intro.html
79 Rz-run	https://book.rizin.re/src/tools/rz-run/intro.html
80 Rz-bin — Show Properties of a Binary	https://book.rizin.re/src/tools/rz-bin/intro.html
81 File Properties Identification	https://book.rizin.re/src/tools/rz-bin/file_identification.html
82 Code Entrypoints	https://book.rizin.re/src/tools/rz-bin/entrypoints.html
83 Imports	https://book.rizin.re/src/tools/rz-bin/imports.html
84 Exports	https://book.rizin.re/src/tools/rz-bin/exports.html
85 Symbols (Exports)	https://book.rizin.re/src/tools/rz-bin/symbols.html
86 List Libraries	https://book.rizin.re/src/tools/rz-bin/libraries.html
87 Strings	https://book.rizin.re/src/tools/rz-bin/strings.html
88 Program Sections	https://book.rizin.re/src/tools/rz-bin/program_sections.html
89 Table Output and Queries	https://book.rizin.re/src/tools/rz-bin/tables.html
90 Rz-diff	https://book.rizin.re/src/tools/rz-diff/intro.html
91 Rz-Diff (binary and text diffing utility)	https://book.rizin.re/src/tools/rz-diff/binary_diffing.html
92 Rz-asm	https://book.rizin.re/src/tools/rz-asm/intro.html
93 Assembler	https://book.rizin.re/src/tools/rz-asm/assemble.html
94 Disassembler	https://book.rizin.re/src/tools/rz-asm/disassemble.html
95 Disassembler Configuration	https://book.rizin.re/src/tools/rz-asm/config.html
96 Rz-gg	https://book.rizin.re/src/tools/rz-gg/rz-gg.html
97 Syntax of the language	https://book.rizin.re/src/tools/rz-gg/lang.html
98 Rz-hash	https://book.rizin.re/src/tools/rz-hash/intro.html
99 Examples	https://book.rizin.re/src/tools/rz-hash/rz-hash_tool.html
100 Plugins	https://book.rizin.re/src/plugins/intro.html
101 IO plugins	https://book.rizin.re/src/plugins/ioplugins.html
102 Implementing a new disassembly plugin	https://book.rizin.re/src/plugins/dev-asm.html
103 Implementing a new analysis plugin	https://book.rizin.re/src/plugins/dev-analysis.html
104 Implementing a new format	https://book.rizin.re/src/plugins/dev-bin.html
105 Write a debugger plugin	https://book.rizin.re/src/plugins/dev-other.html
106 Python plugins	https://book.rizin.re/src/plugins/python.html
107 Debugging	https://book.rizin.re/src/plugins/debug.html
108 Testing the plugin	https://book.rizin.re/src/plugins/testing.html
109 Creating an rz-pm package of the plugin	https://book.rizin.re/src/plugins/rz-pm.html
110 Crackmes	https://book.rizin.re/src/crackmes/intro.html
111 IOLI CrackMes	https://book.rizin.re/src/crackmes/ioli/intro.html
112 IOLI 0x00	https://book.rizin.re/src/crackmes/ioli/ioli_0x00.html
113 IOLI 0x01	https://book.rizin.re/src/crackmes/ioli/ioli_0x01.html
114 IOLI 0x02	https://book.rizin.re/src/crackmes/ioli/ioli_0x02.html
115 IOLI 0x03	https://book.rizin.re/src/crackmes/ioli/ioli_0x03.html
116 IOLI 0x04	https://book.rizin.re/src/crackmes/ioli/ioli_0x04.html
117 IOLI 0x05	https://book.rizin.re/src/crackmes/ioli/ioli_0x05.html
118 IOLI 0x06	https://book.rizin.re/src/crackmes/ioli/ioli_0x06.html
119 IOLI 0x07	https://book.rizin.re/src/crackmes/ioli/ioli_0x07.html
120 IOLI 0x08	https://book.rizin.re/src/crackmes/ioli/ioli_0x08.html
121 IOLI 0x09	https://book.rizin.re/src/crackmes/ioli/ioli_0x09.html
122 Avatao R3v3rs3 4	https://book.rizin.re/src/crackmes/avatao/01-reverse4/intro.html
123 .rizin	https://book.rizin.re/src/crackmes/avatao/01-reverse4/rizin.html
124 .first_steps	https://book.rizin.re/src/crackmes/avatao/01-reverse4/first_steps.html
125 .main	https://book.rizin.re/src/crackmes/avatao/01-reverse4/main.html
126 .vmloop	https://book.rizin.re/src/crackmes/avatao/01-reverse4/vmloop.html
127 .instructionset	https://book.rizin.re/src/crackmes/avatao/01-reverse4/instructionset.html
128 .bytecode	https://book.rizin.re/src/crackmes/avatao/01-reverse4/bytecode.html
129 .outro	https://book.rizin.re/src/crackmes/avatao/01-reverse4/outro.html
130 hackthebox	https://book.rizin.re/src/crackmes/hackthebox/intro.html
131 Find The Easy Pass	https://book.rizin.re/src/crackmes/hackthebox/find-the-easy-pass/intro.html
132 identification	https://book.rizin.re/src/crackmes/hackthebox/find-the-easy-pass/identification.html
133 Find the validation routine	https://book.rizin.re/src/crackmes/hackthebox/find-the-easy-pass/find-the-validation-routine.html
134 Fire up the debugger	https://book.rizin.re/src/crackmes/hackthebox/find-the-easy-pass/fire-up-the-debugger.html
135 Bonus	https://book.rizin.re/src/crackmes/hackthebox/find-the-easy-pass/bonus.html
136 Rizin Reference Card	https://book.rizin.re/src/refcard/intro.html
137 Authors & Contributors	https://book.rizin.re/src/acknowledgments/credits.html
