Getting Started	https://www.gem5.org/getting_started/
Learning gem5 / Introduction	https://www.gem5.org/documentation/learning_gem5/introduction/
Learning gem5 / Part 1 / Simple Config	https://www.gem5.org/documentation/learning_gem5/part1/simple_config/
Learning gem5 / Part 1 / Cache Config	https://www.gem5.org/documentation/learning_gem5/part1/cache_config/
Learning gem5 / Part 1 / gem5 Stats	https://www.gem5.org/documentation/learning_gem5/part1/gem5_stats/
Learning gem5 / Part 1 / Example Configs	https://www.gem5.org/documentation/learning_gem5/part1/example_configs/
Learning gem5 / Part 1 / Extending Configs	https://www.gem5.org/documentation/learning_gem5/part1/extending_configs
Learning gem5 / Part 2 / Environment	https://www.gem5.org/documentation/learning_gem5/part2/environment/
Learning gem5 / Part 2 / Hello Object	https://www.gem5.org/documentation/learning_gem5/part2/helloobject/
Learning gem5 / Part 2 / Debugging	https://www.gem5.org/documentation/learning_gem5/part2/debugging/
Learning gem5 / Part 2 / Events	https://www.gem5.org/documentation/learning_gem5/part2/events/
Learning gem5 / Part 2 / Parameters	https://www.gem5.org/documentation/learning_gem5/part2/parameters/
Learning gem5 / Part 2 / Memory Object	https://www.gem5.org/documentation/learning_gem5/part2/memoryobject/
Learning gem5 / Part 2 / Simple Cache	https://www.gem5.org/documentation/learning_gem5/part2/simplecache/
Learning gem5 / Part 2 / ARM Power Modelling	https://www.gem5.org/documentation/learning_gem5/part2/arm_power_modelling/
Learning gem5 / Part 2 / ARM DVFS Support	https://www.gem5.org/documentation/learning_gem5/part2/arm_dvfs_support/
Ruby (Part 3) / MSI Intro	https://www.gem5.org/documentation/learning_gem5/part3/MSIintro/
Ruby (Part 3) / Cache Intro	https://www.gem5.org/documentation/learning_gem5/part3/cache-intro/
Ruby (Part 3) / Cache Declarations	https://www.gem5.org/documentation/learning_gem5/part3/cache-declarations/
Ruby (Part 3) / Cache In-Ports	https://www.gem5.org/documentation/learning_gem5/part3/cache-in-ports/
Ruby (Part 3) / Cache Actions	https://www.gem5.org/documentation/learning_gem5/part3/cache-actions/
Ruby (Part 3) / Cache Transitions	https://www.gem5.org/documentation/learning_gem5/part3/cache-transitions/
Ruby (Part 3) / Directory	https://www.gem5.org/documentation/learning_gem5/part3/directory/
Ruby (Part 3) / MSI Building	https://www.gem5.org/documentation/learning_gem5/part3/MSIbuilding/
Ruby (Part 3) / Configuration	https://www.gem5.org/documentation/learning_gem5/part3/configuration/
Ruby (Part 3) / Running	https://www.gem5.org/documentation/learning_gem5/part3/running/
Ruby (Part 3) / MSI Debugging	https://www.gem5.org/documentation/learning_gem5/part3/MSIdebugging/
Ruby (Part 3) / Simple MI Example	https://www.gem5.org/documentation/learning_gem5/part3/simple-MI_example/
gem5 101	https://www.gem5.org/documentation/learning_gem5/gem5_101/
gem5 101 / Homework 1	https://www.gem5.org/documentation/learning_gem5/gem5_101/homework-1
gem5 101 / Homework 2	https://www.gem5.org/documentation/learning_gem5/gem5_101/homework-2
gem5 101 / Homework 3	https://www.gem5.org/documentation/learning_gem5/gem5_101/homework-3
gem5 101 / Homework 4	https://www.gem5.org/documentation/learning_gem5/gem5_101/homework-4
gem5 101 / Homework 5	https://www.gem5.org/documentation/learning_gem5/gem5_101/homework-5
gem5 101 / Homework 6	https://www.gem5.org/documentation/learning_gem5/gem5_101/homework-6
Documentation / Architecture Support	https://www.gem5.org/documentation/general_docs/architecture_support/
Documentation / Architecture Support / Arm Implementation	https://www.gem5.org/documentation/general_docs/architecture_support/arm_implementation/
Documentation / Architecture Support / Isa Parser	https://www.gem5.org/documentation/general_docs/architecture_support/isa_parser/
Documentation / Architecture Support / X86 Microop Isa	https://www.gem5.org/documentation/general_docs/architecture_support/x86_microop_isa/
Documentation / Building	https://www.gem5.org/documentation/general_docs/building
Documentation / Building / Extras	https://www.gem5.org/documentation/general_docs/building/EXTRAS
Documentation / Checkpoints	https://www.gem5.org/documentation/general_docs/checkpoints
Documentation / Common Errors	https://www.gem5.org/documentation/general_docs/common-errors/
Documentation / Compiling Workloads	https://www.gem5.org/documentation/general_docs/compiling_workloads/
Documentation / Cpu Models	https://www.gem5.org/documentation/general_docs/cpu_models/
Documentation / Cpu Models / Execution Basics	https://www.gem5.org/documentation/general_docs/cpu_models/execution_basics
Documentation / Cpu Models / Minor Cpu	https://www.gem5.org/documentation/general_docs/cpu_models/minor_cpu
Documentation / Cpu Models / O3Cpu	https://www.gem5.org/documentation/general_docs/cpu_models/O3CPU
Documentation / Cpu Models / Simplecpu	https://www.gem5.org/documentation/general_docs/cpu_models/SimpleCPU
Documentation / Cpu Models / Tracecpu	https://www.gem5.org/documentation/general_docs/cpu_models/TraceCPU
Documentation / Cpu Models / Visualization	https://www.gem5.org/documentation/general_docs/cpu_models/visualization
Documentation / Debugging And Testing / Debugging / Debugger Based Debugging	https://www.gem5.org/documentation/general_docs/debugging_and_testing/debugging/debugger_based_debugging
Documentation / Debugging And Testing / Debugging / Debugging Simulated Code	https://www.gem5.org/documentation/general_docs/debugging_and_testing/debugging/debugging_simulated_code
Documentation / Debugging And Testing / Debugging / Trace Based Debugging	https://www.gem5.org/documentation/general_docs/debugging_and_testing/debugging/trace_based_debugging
Documentation / Debugging And Testing / Directed Testers / Garnet Synthetic Traffic	https://www.gem5.org/documentation/general_docs/debugging_and_testing/directed_testers/garnet_synthetic_traffic
Documentation / Debugging And Testing / Directed Testers / Ruby Random Tester	https://www.gem5.org/documentation/general_docs/debugging_and_testing/directed_testers/ruby_random_tester
Documentation / Development / Coding Style	https://www.gem5.org/documentation/general_docs/development/coding_style/
Documentation / Development / Release Procedures	https://www.gem5.org/documentation/general_docs/development/release_procedures/
Documentation / Fullsystem / Building Android M	https://www.gem5.org/documentation/general_docs/fullsystem/building_android_m
Documentation / Fullsystem / Building Arm Kernel	https://www.gem5.org/documentation/general_docs/fullsystem/building_arm_kernel
Documentation / Fullsystem / Devices	https://www.gem5.org/documentation/general_docs/fullsystem/devices
Documentation / Fullsystem / Disks	https://www.gem5.org/documentation/general_docs/fullsystem/disks
Documentation / Fullsystem / M5Term	https://www.gem5.org/documentation/general_docs/fullsystem/m5term
Documentation / Fullsystem / Supported Disks And Kernels	https://www.gem5.org/documentation/general_docs/fullsystem/supported_disks_and_kernels
Documentation / Gem5 Apis	https://www.gem5.org/documentation/general_docs/gem5-apis
Documentation / Gem5 Resources	https://www.gem5.org/documentation/general_docs/gem5_resources
Documentation / Gpu Models / Gpufs	https://www.gem5.org/documentation/general_docs/gpu_models/gpufs
Documentation / Gpu Models / Vega	https://www.gem5.org/documentation/general_docs/gpu_models/vega
Documentation / Kconfig Build System	https://www.gem5.org/documentation/general_docs/kconfig_build_system/
Documentation / M5Ops	https://www.gem5.org/documentation/general_docs/m5ops
Documentation / Memory System	https://www.gem5.org/documentation/general_docs/memory_system/
Documentation / Memory System / Classic Caches	https://www.gem5.org/documentation/general_docs/memory_system/classic_caches
Documentation / Memory System / Classic Coherence Protocol	https://www.gem5.org/documentation/general_docs/memory_system/classic-coherence-protocol
Documentation / Memory System / Gem5 Memory System	https://www.gem5.org/documentation/general_docs/memory_system/gem5_memory_system
Documentation / Memory System / Indexing Policies	https://www.gem5.org/documentation/general_docs/memory_system/indexing_policies
Documentation / Memory System / Replacement Policies	https://www.gem5.org/documentation/general_docs/memory_system/replacement_policies
Documentation / Moving To Github	https://www.gem5.org/documentation/general_docs/moving_to_github/
Documentation / Ruby	https://www.gem5.org/documentation/general_docs/ruby
Documentation / Ruby / Cache Coherence Protocols	https://www.gem5.org/documentation/general_docs/ruby/cache-coherence-protocols
Documentation / Ruby / Chi	https://www.gem5.org/documentation/general_docs/ruby/CHI
Documentation / Ruby / Garnet 2	https://www.gem5.org/documentation/general_docs/ruby/garnet-2
Documentation / Ruby / Garnet Standalone	https://www.gem5.org/documentation/general_docs/ruby/Garnet_standalone
Documentation / Ruby / Garnet Synthetic Traffic	https://www.gem5.org/documentation/general_docs/ruby/garnet_synthetic_traffic
Documentation / Ruby / Heterogarnet	https://www.gem5.org/documentation/general_docs/ruby/heterogarnet
Documentation / Ruby / Interconnection Network	https://www.gem5.org/documentation/general_docs/ruby/interconnection-network
Documentation / Ruby / Mesi Two Level	https://www.gem5.org/documentation/general_docs/ruby/MESI_Two_Level
Documentation / Ruby / Mi Example	https://www.gem5.org/documentation/general_docs/ruby/MI_example
Documentation / Ruby / Moesi Cmp Directory	https://www.gem5.org/documentation/general_docs/ruby/MOESI_CMP_directory
Documentation / Ruby / Moesi Cmp Token	https://www.gem5.org/documentation/general_docs/ruby/MOESI_CMP_token
Documentation / Ruby / Moesi Hammer	https://www.gem5.org/documentation/general_docs/ruby/MOESI_hammer
Documentation / Ruby / Slicc	https://www.gem5.org/documentation/general_docs/ruby/slicc
Documentation / Statistics	https://www.gem5.org/documentation/general_docs/statistics/
Documentation / Statistics / Api	https://www.gem5.org/documentation/general_docs/statistics/api
Documentation / Thermal Model	https://www.gem5.org/documentation/general_docs/thermal_model
