My First Language Frontend / Overview	https://llvm.org/docs/tutorial/MyFirstLanguageFrontend/index.html
My First Language Frontend / 1. Kaleidoscope Introduction and the Lexer	https://llvm.org/docs/tutorial/MyFirstLanguageFrontend/LangImpl01.html
My First Language Frontend / 2. Implementing a Parser and AST	https://llvm.org/docs/tutorial/MyFirstLanguageFrontend/LangImpl02.html
My First Language Frontend / 3. Code generation to LLVM IR	https://llvm.org/docs/tutorial/MyFirstLanguageFrontend/LangImpl03.html
My First Language Frontend / 4. Adding JIT and Optimizer Support	https://llvm.org/docs/tutorial/MyFirstLanguageFrontend/LangImpl04.html
My First Language Frontend / 5. Extending the Language: Control Flow	https://llvm.org/docs/tutorial/MyFirstLanguageFrontend/LangImpl05.html
My First Language Frontend / 6. Extending the Language: User-defined Operators	https://llvm.org/docs/tutorial/MyFirstLanguageFrontend/LangImpl06.html
My First Language Frontend / 7. Extending the Language: Mutable Variables	https://llvm.org/docs/tutorial/MyFirstLanguageFrontend/LangImpl07.html
My First Language Frontend / 8. Compiling to Object Code	https://llvm.org/docs/tutorial/MyFirstLanguageFrontend/LangImpl08.html
My First Language Frontend / 9. Adding Debug Information	https://llvm.org/docs/tutorial/MyFirstLanguageFrontend/LangImpl09.html
My First Language Frontend / 10. Conclusion and other useful LLVM tidbits	https://llvm.org/docs/tutorial/MyFirstLanguageFrontend/LangImpl10.html
Building a JIT with LLVM ORC / 1. Starting out with KaleidoscopeJIT	https://llvm.org/docs/tutorial/BuildingAJIT1.html
Building a JIT with LLVM ORC / 2. Adding Optimizations (An Introduction to ORC Layers)	https://llvm.org/docs/tutorial/BuildingAJIT2.html
Building a JIT with LLVM ORC / 3. Per-function Lazy Compilation	https://llvm.org/docs/tutorial/BuildingAJIT3.html
Building a JIT with LLVM ORC / 4. Extreme Laziness (Using LazyReexports to JIT from ASTs)	https://llvm.org/docs/tutorial/BuildingAJIT4.html
