Home	https://docs.styx-emulator.org/index.html
About / Core Concepts	https://docs.styx-emulator.org/concepts.html
About / Installing	https://docs.styx-emulator.org/installing.html
About / Quickstart	https://docs.styx-emulator.org/quickstart.html
About / Examples	https://docs.styx-emulator.org/examples.html
About / Frequently Asked Question’s (FAQ’s)	https://docs.styx-emulator.org/faq.html
Supported Workflows / Workflow Overviews	https://docs.styx-emulator.org/workflows.html
Supported Workflows / Debuggable Emulation	https://docs.styx-emulator.org/workflows/debuggable.html
Supported Workflows / Traceable Emulation	https://docs.styx-emulator.org/workflows/traceable.html
Supported Workflows / Interactive Emulation	https://docs.styx-emulator.org/workflows/interactive.html
Supported Workflows / Fuzzable Emulation	https://docs.styx-emulator.org/workflows/fuzzable.html
Supported Workflows / Testable Emulation	https://docs.styx-emulator.org/workflows/testable.html
Supported Workflows / Integrated Emulation	https://docs.styx-emulator.org/workflows/integrated.html
User Documentation / Bindings	https://docs.styx-emulator.org/user/bindings.html
User Documentation / Styx as a Replacement for Unicorn	https://docs.styx-emulator.org/user/unicorn_replacement.html
User Documentation / Processor Implementation Details	https://docs.styx-emulator.org/user/processors.html
User Documentation / Unified Configuration (styx-uconf)	https://docs.styx-emulator.org/user/unified_configuration.html
User Documentation / Target Instrumentation (styx-trace)	https://docs.styx-emulator.org/user/styx_trace.html
User Documentation / Using a Processor	https://docs.styx-emulator.org/user/using_a_processor.html
User Documentation / Adding a Processor	https://docs.styx-emulator.org/user/adding_a_processor.html
User Documentation / Using Multiple Processors	https://docs.styx-emulator.org/user/using_multiple_processors.html
User Documentation / Available Backends	https://docs.styx-emulator.org/user/backends.html
User Documentation / Adding an Architecture	https://docs.styx-emulator.org/user/new_architectures.html
User Documentation / Adding a New Architecture (Pcode Backend)	https://docs.styx-emulator.org/user/new_architectures_pcode.html
User Documentation / Timers	https://docs.styx-emulator.org/user/timers.html
User Documentation / Adding Test Binaries	https://docs.styx-emulator.org/user/adding_test_binaries.html
User Documentation / Migration to New Versions of Styx	https://docs.styx-emulator.org/user/migration.html
API Documentation + Coverage / Rust API Docs	https://docs.styx-emulator.org/api-docs/rust-api-docs.html
API Documentation + Coverage / Rust Test Coverage	https://docs.styx-emulator.org/api-docs/rust-coverage.html
Styx Extensions / Device Tree Statistics Aggregator	https://docs.styx-emulator.org/extensions/dt_stats.html
Styx Extensions / Styx Ghidra Extension and Data Broker	https://docs.styx-emulator.org/extensions/ghidra.html
Styx Extensions / Trace Extensions	https://docs.styx-emulator.org/extensions/trace.html
Styx Extensions / Experimental Web App	https://docs.styx-emulator.org/extensions/webapp.html
Developer Documentation / Contribution Tips	https://docs.styx-emulator.org/developer/contributing.html
Developer Documentation / Conventions in Styx	https://docs.styx-emulator.org/developer/conventions.html
Developer Documentation / Repository Tasks (xtask)	https://docs.styx-emulator.org/developer/repository_tasks.html
Developer Documentation / Styx’s use of async rust	https://docs.styx-emulator.org/developer/async_rust.html
Developer Documentation / Updating Bindings	https://docs.styx-emulator.org/developer/updating_bindings.html
Developer Documentation / Adding New Hook Types	https://docs.styx-emulator.org/developer/adding_new_hook_types.html
Developer Documentation / Repository Layout	https://docs.styx-emulator.org/developer/layout.html
Developer Documentation / Benchmarking	https://docs.styx-emulator.org/developer/benchmarks.html
Developer Documentation / Integration Tests	https://docs.styx-emulator.org/developer/integration_tests.html
Developer Documentation / CI Pipeline	https://docs.styx-emulator.org/developer/ci.html
Developer Documentation / Releases	https://docs.styx-emulator.org/developer/releases.html
Developer Documentation / 1. Use of RFCs and ADRs	https://docs.styx-emulator.org/adrs/1-use-of-rfcs-and-adrs.html
