Page version status / Expanded Main Page (OSDev.wiki)	https://wiki.osdev.org/Expanded_Main_Page
Page version status / Categorized Main Page (Short view)	https://wiki.osdev.org/Categorized_Main_Page
Introduction / Introduction	https://wiki.osdev.org/Introduction
Introduction / Required Knowledge	https://wiki.osdev.org/Required_Knowledge
Introduction / Beginner Mistakes	https://wiki.osdev.org/Beginner_Mistakes
Introduction / Getting Started	https://wiki.osdev.org/Getting_Started
Introduction / How To Ask Questions	https://wiki.osdev.org/How_To_Ask_Questions
Introduction / GCC Cross-Compiler	https://wiki.osdev.org/GCC_Cross-Compiler
Introduction / What Order Should I Make Things In?	https://wiki.osdev.org/What_Order_Should_I_Make_Things_In?
Introduction / Licensing	https://wiki.osdev.org/Licensing
Introduction / Tutorials	https://wiki.osdev.org/Tutorials
Introduction / Real Mode OS Warning	https://wiki.osdev.org/Real_Mode_OS_Warning
Introduction / How kernel, compiler, and C library work together	https://wiki.osdev.org/How_kernel,_compiler,_and_C_library_work_together
Introduction / Languages	https://wiki.osdev.org/Languages
Introduction / UEFI	https://wiki.osdev.org/UEFI
Introduction / BIOS	https://wiki.osdev.org/BIOS
Introduction / Inline Assembly	https://wiki.osdev.org/Inline_Assembly
Introduction / Inline Assembly/Examples (examples)	https://wiki.osdev.org/Inline_Assembly/Examples
Introduction / Object Files	https://wiki.osdev.org/Object_Files
Introduction / Limine Bare Bones	https://wiki.osdev.org/Limine_Bare_Bones
Introduction / Bare Bones (Multiboot1 Bare Bones)	https://wiki.osdev.org/Bare_Bones
Introduction / Ada Bare Bones	https://wiki.osdev.org/Ada_Bare_Bones
Introduction / C Sharp Bare Bones	https://wiki.osdev.org/C_Sharp_Bare_Bones
Introduction / D Bare Bones	https://wiki.osdev.org/D_Bare_Bones
Introduction / FreeBasic Bare Bones	https://wiki.osdev.org/FreeBasic_Bare_Bones
Introduction / Go Bare Bones	https://wiki.osdev.org/Go_Bare_Bones
Introduction / Pascal Bare Bones	https://wiki.osdev.org/Pascal_Bare_Bones
Introduction / Rust Bare Bones	https://wiki.osdev.org/Rust_Bare_Bones
Introduction / Zig Bare Bones	https://wiki.osdev.org/Zig_Bare_Bones
Introduction / Meaty Skeleton	https://wiki.osdev.org/Meaty_Skeleton
Introduction / Boot Sequence	https://wiki.osdev.org/Boot_Sequence
Introduction / Diskless Booting	https://wiki.osdev.org/Diskless_Booting
Introduction / Global Descriptor Table	https://wiki.osdev.org/Global_Descriptor_Table
Introduction / GDT Tutorial	https://wiki.osdev.org/GDT_Tutorial
Introduction / X86 Interrupts (Interrupts)	https://wiki.osdev.org/X86_Interrupts
Introduction / Troubleshooting	https://wiki.osdev.org/Troubleshooting
Introduction / Testing	https://wiki.osdev.org/Testing
Introduction / Unit Testing	https://wiki.osdev.org/Unit_Testing
Introduction / Kernel Debugging (How Do I Use A Debugger With My OS)	https://wiki.osdev.org/Kernel_Debugging
Introduction / Going Further on x86	https://wiki.osdev.org/Going_Further_on_x86
Introduction / Creating an Operating System	https://wiki.osdev.org/Creating_an_Operating_System
Introduction / Code Management	https://wiki.osdev.org/Code_Management
Introduction / Compiler (What's a compiler?)	https://wiki.osdev.org/Compiler
Introduction / Making a Compiler (Making a Compiler (Theory))	https://wiki.osdev.org/Making_a_Compiler
Introduction / CompilerDev/Implementing Conditional Statements And Loops (Implementing Conditional Statements And Loops)	https://wiki.osdev.org/CompilerDev/Implementing_Conditional_Statements_And_Loops
Introduction / Tail Recursion and Tail Call Optimization	https://wiki.osdev.org/Tail_Recursion_and_Tail_Call_Optimization
Design Considerations / Monolithic Kernel	https://wiki.osdev.org/Monolithic_Kernel
Design Considerations / Microkernel	https://wiki.osdev.org/Microkernel
Design Considerations / Exokernel	https://wiki.osdev.org/Exokernel
Design Considerations / Modular Kernel	https://wiki.osdev.org/Modular_Kernel
Design Considerations / Kernel (more...)	https://wiki.osdev.org/Kernel
Design Considerations / Monotasking Systems	https://wiki.osdev.org/Monotasking_Systems
Design Considerations / Multitasking Systems	https://wiki.osdev.org/Multitasking_Systems
Design Considerations / Real-Time Systems	https://wiki.osdev.org/Real-Time_Systems
Design Considerations / Memory management	https://wiki.osdev.org/Memory_management
Design Considerations / Segmentation	https://wiki.osdev.org/Segmentation
Design Considerations / X86 Paging (Paging)	https://wiki.osdev.org/X86_Paging
Design Considerations / Memory Allocation	https://wiki.osdev.org/Memory_Allocation
Design Considerations / Page Frame Allocation	https://wiki.osdev.org/Page_Frame_Allocation
Design Considerations / Memory Management Unit	https://wiki.osdev.org/Memory_Management_Unit
Design Considerations / File Management	https://wiki.osdev.org/File_Management
Design Considerations / File Systems	https://wiki.osdev.org/File_Systems
Design Considerations / ARM System Calls	https://wiki.osdev.org/ARM_System_Calls
Design Considerations / Processes and Threads	https://wiki.osdev.org/Processes_and_Threads
Design Considerations / Context Switching	https://wiki.osdev.org/Context_Switching
Design Considerations / Scheduling Algorithms	https://wiki.osdev.org/Scheduling_Algorithms
Design Considerations / Multiprocessor Scheduling	https://wiki.osdev.org/Multiprocessor_Scheduling
Design Considerations / Blocking Process	https://wiki.osdev.org/Blocking_Process
Design Considerations / Synchronization Primitives	https://wiki.osdev.org/Synchronization_Primitives
Design Considerations / Signals	https://wiki.osdev.org/Signals
Design Considerations / Message Passing	https://wiki.osdev.org/Message_Passing
Design Considerations / Shared Memory	https://wiki.osdev.org/Shared_Memory
Design Considerations / Remote Procedure Call	https://wiki.osdev.org/Remote_Procedure_Call
Resources / Books	https://wiki.osdev.org/Books
Resources / Academic Papers	https://wiki.osdev.org/Academic_Papers
Resources / Assembly	https://wiki.osdev.org/Assembly
Resources / Deprecated	https://wiki.osdev.org/Deprecated
Resources / Chip Numbers, Acronyms and Things	https://wiki.osdev.org/Chip_Numbers,_Acronyms_and_Things
Resources / Resources (linked resources)	https://wiki.osdev.org/Resources
Tools / Bootloader	https://wiki.osdev.org/Bootloader
Tools / GRUB	https://wiki.osdev.org/GRUB
Tools / Limine	https://wiki.osdev.org/Limine
Tools / LILO	https://wiki.osdev.org/LILO
Tools / XOSL	https://wiki.osdev.org/XOSL
Tools / System Commander	https://wiki.osdev.org/System_Commander
Tools / Boot Magic	https://wiki.osdev.org/Boot_Magic
Tools / Rolling Your Own Bootloader	https://wiki.osdev.org/Rolling_Your_Own_Bootloader
Tools / GCC	https://wiki.osdev.org/GCC
Tools / Cygwin	https://wiki.osdev.org/Cygwin
Tools / MinGW	https://wiki.osdev.org/MinGW
Tools / Dev-C++	https://wiki.osdev.org/Dev-C++
Tools / DJGPP	https://wiki.osdev.org/DJGPP
Tools / Cross-Compiler Successful Builds	https://wiki.osdev.org/Cross-Compiler_Successful_Builds
Tools / Porting GCC to your OS	https://wiki.osdev.org/Porting_GCC_to_your_OS
Tools / Calling Conventions	https://wiki.osdev.org/Calling_Conventions
Tools / System V ABI	https://wiki.osdev.org/System_V_ABI
Tools / Watcom	https://wiki.osdev.org/Watcom
Tools / Visual Studio	https://wiki.osdev.org/Visual_Studio
Tools / Visual C++ Runtime	https://wiki.osdev.org/Visual_C++_Runtime
Tools / TCC	https://wiki.osdev.org/TCC
Tools / Smaller C	https://wiki.osdev.org/Smaller_C
Tools / Other Compilers	https://wiki.osdev.org/Other_Compilers
Tools / GAS	https://wiki.osdev.org/GAS
Tools / FASM	https://wiki.osdev.org/FASM
Tools / NASM	https://wiki.osdev.org/NASM
Tools / YASM	https://wiki.osdev.org/YASM
Tools / Opcode syntax	https://wiki.osdev.org/Opcode_syntax
Tools / LD	https://wiki.osdev.org/LD
Tools / Link Archiver	https://wiki.osdev.org/Link_Archiver
Tools / Mold	https://wiki.osdev.org/Mold
Tools / Bochs	https://wiki.osdev.org/Bochs
Tools / QEMU	https://wiki.osdev.org/QEMU
Tools / Microsoft Virtual PC (Virtual PC)	https://wiki.osdev.org/Microsoft_Virtual_PC
Tools / VMware	https://wiki.osdev.org/VMware
Tools / VirtualBox	https://wiki.osdev.org/VirtualBox
Tools / SimICS	https://wiki.osdev.org/SimICS
Tools / Lingemu	https://wiki.osdev.org/Lingemu
Tools / Disk Images (Disk Images with preinstalled GRUB)	https://wiki.osdev.org/Disk_Images
Tools / Loopback Device	https://wiki.osdev.org/Loopback_Device
Tools / Hdiutil	https://wiki.osdev.org/Hdiutil
Tools / Windows Tools	https://wiki.osdev.org/Windows_Tools
Hardware / Register Machine Model of Computation	https://wiki.osdev.org/Register_Machine_Model_of_Computation
Hardware / Memory Architecture	https://wiki.osdev.org/Memory_Architecture
Hardware / Instruction Set Architecture	https://wiki.osdev.org/Instruction_Set_Architecture
Hardware / Historical Notes on CISC and RISC	https://wiki.osdev.org/Historical_Notes_on_CISC_and_RISC
Hardware / Execution Architecture	https://wiki.osdev.org/Execution_Architecture
Hardware / Multiprocessing Architecture	https://wiki.osdev.org/Multiprocessing_Architecture
Hardware / Real Mode	https://wiki.osdev.org/Real_Mode
Hardware / Protected Mode	https://wiki.osdev.org/Protected_Mode
Hardware / Virtual 8086 Mode	https://wiki.osdev.org/Virtual_8086_Mode
Hardware / X86-64	https://wiki.osdev.org/X86-64
Hardware / IA32 Architecture Family	https://wiki.osdev.org/IA32_Architecture_Family
Hardware / Model Specific Registers	https://wiki.osdev.org/Model_Specific_Registers
Hardware / Detecting CPU Speed	https://wiki.osdev.org/Detecting_CPU_Speed
Hardware / CPU Bugs	https://wiki.osdev.org/CPU_Bugs
Hardware / SSE	https://wiki.osdev.org/SSE
Hardware / Where Can I Find Information About Ports	https://wiki.osdev.org/Where_Can_I_Find_Information_About_Ports
Hardware / CPU Registers x86 (x86)	https://wiki.osdev.org/CPU_Registers_x86
Hardware / CPU Registers x86-64 (x86-64)	https://wiki.osdev.org/CPU_Registers_x86-64
Hardware / FLATBOOT Barebones (Kernel Barebones)	https://wiki.osdev.org/FLATBOOT_Barebones
Hardware / Program Status Word	https://wiki.osdev.org/Program_Status_Word
Hardware / PSA Mapping (Processing Storage Area Memory Mapping)	https://wiki.osdev.org/PSA_Mapping
Hardware / ZDSFS (z/OS DataSet FileSystem)	https://wiki.osdev.org/ZDSFS
Hardware / Command SubSystem (Batch I/O Channel SubSystem)	https://wiki.osdev.org/Command_SubSystem
Hardware / ARM Overview	https://wiki.osdev.org/ARM_Overview
Hardware / Raspberry Pi Bare Bones	https://wiki.osdev.org/Raspberry_Pi_Bare_Bones
Hardware / Detecting Memory (x86)	https://wiki.osdev.org/Detecting_Memory_(x86)
Hardware / A20 Line	https://wiki.osdev.org/A20_Line
Hardware / I Can't Get Interrupts Working (IDT problems)	https://wiki.osdev.org/I_Can't_Get_Interrupts_Working
Hardware / Interrupt Descriptor Table	https://wiki.osdev.org/Interrupt_Descriptor_Table
Hardware / Interrupt Service Routines	https://wiki.osdev.org/Interrupt_Service_Routines
Hardware / Non Maskable Interrupt	https://wiki.osdev.org/Non_Maskable_Interrupt
Hardware / APIC	https://wiki.osdev.org/APIC
Hardware / 8259 PIC (PIC)	https://wiki.osdev.org/8259_PIC
Hardware / Open Programmable Interrupt Controller (OPIC)	https://wiki.osdev.org/Open_Programmable_Interrupt_Controller
Hardware / HPET	https://wiki.osdev.org/HPET
Hardware / APIC Timer	https://wiki.osdev.org/APIC_Timer
Hardware / Programmable Interval Timer	https://wiki.osdev.org/Programmable_Interval_Timer
Hardware / CMOS	https://wiki.osdev.org/CMOS
Hardware / RTC	https://wiki.osdev.org/RTC
Hardware / Accelerated Graphic Cards	https://wiki.osdev.org/Accelerated_Graphic_Cards
Hardware / Native Intel graphics	https://wiki.osdev.org/Native_Intel_graphics
Hardware / Detecting Colour and Monochrome Monitors	https://wiki.osdev.org/Detecting_Colour_and_Monochrome_Monitors
Hardware / Text Mode Cursor	https://wiki.osdev.org/Text_Mode_Cursor
Hardware / Drawing In a Linear Framebuffer (Printing To Screen)	https://wiki.osdev.org/Drawing_In_a_Linear_Framebuffer
Hardware / Kernel Stdio Theory	https://wiki.osdev.org/Kernel_Stdio_Theory
Hardware / VGA Resources	https://wiki.osdev.org/VGA_Resources
Hardware / VGA Hardware	https://wiki.osdev.org/VGA_Hardware
Hardware / VGA Fonts	https://wiki.osdev.org/VGA_Fonts
Hardware / Video Signals And Timing	https://wiki.osdev.org/Video_Signals_And_Timing
Hardware / Bochs VBE Extensions (BGA)	https://wiki.osdev.org/Bochs_VBE_Extensions
Hardware / Sound	https://wiki.osdev.org/Sound
Hardware / PC Speaker	https://wiki.osdev.org/PC_Speaker
Hardware / Sound Blaster 16	https://wiki.osdev.org/Sound_Blaster_16
Hardware / ATAPI	https://wiki.osdev.org/ATAPI
Hardware / AHCI	https://wiki.osdev.org/AHCI
Hardware / SATA	https://wiki.osdev.org/SATA
Hardware / ISA DMA (DMA)	https://wiki.osdev.org/ISA_DMA
Hardware / NVMe	https://wiki.osdev.org/NVMe
Hardware / Floppy Disk Controller	https://wiki.osdev.org/Floppy_Disk_Controller
Hardware / PS/2 Keyboard (Getting Keyboard Input)	https://wiki.osdev.org/PS/2_Keyboard
Hardware / Mouse Input (Mouse)	https://wiki.osdev.org/Mouse_Input
Hardware / Serial Ports	https://wiki.osdev.org/Serial_Ports
Hardware / Plug-and-Play	https://wiki.osdev.org/Plug-and-Play
Hardware / PNP Calls In Protected Mode	https://wiki.osdev.org/PNP_Calls_In_Protected_Mode
Hardware / PCI	https://wiki.osdev.org/PCI
Hardware / PCI Express	https://wiki.osdev.org/PCI_Express
Hardware / Universal Serial Bus (USB)	https://wiki.osdev.org/Universal_Serial_Bus
Hardware / Broken UEFI implementations	https://wiki.osdev.org/Broken_UEFI_implementations
Hardware / ACPI	https://wiki.osdev.org/ACPI
Hardware / RSDP	https://wiki.osdev.org/RSDP
Hardware / AML	https://wiki.osdev.org/AML
Hardware / 3c90x	https://wiki.osdev.org/3c90x
Hardware / Intel 8254x	https://wiki.osdev.org/Intel_8254x
Hardware / Ne2000	https://wiki.osdev.org/Ne2000
Hardware / RTL8139	https://wiki.osdev.org/RTL8139
Hardware / RTL8169	https://wiki.osdev.org/RTL8169
Hardware / Intel Ethernet i217	https://wiki.osdev.org/Intel_Ethernet_i217
Hardware / AMD PCNET	https://wiki.osdev.org/AMD_PCNET
Hardware / 802.11	https://wiki.osdev.org/802.11
Reference Information / ELF	https://wiki.osdev.org/ELF
Reference Information / PE	https://wiki.osdev.org/PE
Reference Information / COFF	https://wiki.osdev.org/COFF
Reference Information / COM	https://wiki.osdev.org/COM
Reference Information / MZ	https://wiki.osdev.org/MZ
Reference Information / NE	https://wiki.osdev.org/NE
Reference Information / FAT (FAT Details)	https://wiki.osdev.org/FAT
Reference Information / Ext2 (Ext2 Details)	https://wiki.osdev.org/Ext2
Reference Information / SFS (SFS Details)	https://wiki.osdev.org/SFS
Reference Information / NTFS (NTFS Details)	https://wiki.osdev.org/NTFS
Other / "zig cc" Cross-Compiler	https://wiki.osdev.org/"zig_cc"_Cross-Compiler
Other / 3270	https://wiki.osdev.org/3270
Other / 3D Renderer Basics	https://wiki.osdev.org/3D_Renderer_Basics
Other / A.out	https://wiki.osdev.org/A.out
Other / AArch64	https://wiki.osdev.org/AArch64
Other / AArch64 Exceptions	https://wiki.osdev.org/AArch64_Exceptions
Other / Abandoned Projects	https://wiki.osdev.org/Abandoned_Projects
Other / AC97	https://wiki.osdev.org/AC97
Other / ACPI Timer	https://wiki.osdev.org/ACPI_Timer
Other / ACPICA	https://wiki.osdev.org/ACPICA
Other / Ada	https://wiki.osdev.org/Ada
Other / Ada Kalinda	https://wiki.osdev.org/Ada_Kalinda
Other / Ada Runtime Library	https://wiki.osdev.org/Ada_Runtime_Library
Other / Address Resolution Protocol	https://wiki.osdev.org/Address_Resolution_Protocol
Other / ADMA	https://wiki.osdev.org/ADMA
Other / Advanced Integrated Peripheral	https://wiki.osdev.org/Advanced_Integrated_Peripheral
Other / Advanced Interrupt Architecture	https://wiki.osdev.org/Advanced_Interrupt_Architecture
Other / Advanced Projects	https://wiki.osdev.org/Advanced_Projects
Other / AFS	https://wiki.osdev.org/AFS
Other / AGP	https://wiki.osdev.org/AGP
Other / ALink	https://wiki.osdev.org/ALink
Other / Alpha	https://wiki.osdev.org/Alpha
Other / Alta Lang	https://wiki.osdev.org/Alta_Lang
Other / AMD Atombios	https://wiki.osdev.org/AMD_Atombios
Other / AMD-Vi IOMMU	https://wiki.osdev.org/AMD-Vi_IOMMU
Other / Andy Microbaum	https://wiki.osdev.org/Andy_Microbaum
Other / APM	https://wiki.osdev.org/APM
Other / Apple Screen Info	https://wiki.osdev.org/Apple_Screen_Info
Other / Apple TV 1st Generation	https://wiki.osdev.org/Apple_TV_1st_Generation
Other / ARC	https://wiki.osdev.org/ARC
Other / ARM Beagleboard	https://wiki.osdev.org/ARM_Beagleboard
Other / ARM Integrator-CP Bare Bones	https://wiki.osdev.org/ARM_Integrator-CP_Bare_Bones
Other / ARM Integrator-CP IRQTimerAndPIC	https://wiki.osdev.org/ARM_Integrator-CP_IRQTimerAndPIC
Other / ARM Integrator-CP IRQTimerAndPICAndTaskSwitch	https://wiki.osdev.org/ARM_Integrator-CP_IRQTimerAndPICAndTaskSwitch
Other / ARM Integrator-CP IRQTimerPICTasksMMAndMods	https://wiki.osdev.org/ARM_Integrator-CP_IRQTimerPICTasksMMAndMods
Other / ARM Integrator-CP ITPTMME Main	https://wiki.osdev.org/ARM_Integrator-CP_ITPTMME_Main
Other / ARM Integrator-CP ITPTMME Phase2	https://wiki.osdev.org/ARM_Integrator-CP_ITPTMME_Phase2
Other / ARM Integrator-CP PL110 Dirty	https://wiki.osdev.org/ARM_Integrator-CP_PL110_Dirty
Other / ARM Local Timer	https://wiki.osdev.org/ARM_Local_Timer
Other / ARM Paging	https://wiki.osdev.org/ARM_Paging
Other / ARM SMMU versions 1 and 2	https://wiki.osdev.org/ARM_SMMU_versions_1_and_2
Other / ARM TargetingMultipleDevices	https://wiki.osdev.org/ARM_TargetingMultipleDevices
Other / ARMv7 Common Memory System Architecture	https://wiki.osdev.org/ARMv7_Common_Memory_System_Architecture
Other / ARMv7 Generic Timers	https://wiki.osdev.org/ARMv7_Generic_Timers
Other / ARMv7-A Bare Bones	https://wiki.osdev.org/ARMv7-A_Bare_Bones
Other / AS86	https://wiki.osdev.org/AS86
Other / ASCII	https://wiki.osdev.org/ASCII
Other / ATA Command Matrix	https://wiki.osdev.org/ATA_Command_Matrix
Other / ATA PIO Mode	https://wiki.osdev.org/ATA_PIO_Mode
Other / ATA read/write sectors	https://wiki.osdev.org/ATA_read/write_sectors
Other / ATA/ATAPI Power Management	https://wiki.osdev.org/ATA/ATAPI_Power_Management
Other / ATA/ATAPI using DMA	https://wiki.osdev.org/ATA/ATAPI_using_DMA
Other / ATI Rage 128	https://wiki.osdev.org/ATI_Rage_128
Other / Atomic operation	https://wiki.osdev.org/Atomic_operation
Other / Automated Build Using CircleCI	https://wiki.osdev.org/Automated_Build_Using_CircleCI
Other / AVX2	https://wiki.osdev.org/AVX2
Other / Babystep1	https://wiki.osdev.org/Babystep1
Other / Babystep2	https://wiki.osdev.org/Babystep2
Other / Babystep3	https://wiki.osdev.org/Babystep3
Other / Babystep4	https://wiki.osdev.org/Babystep4
Other / Babystep5	https://wiki.osdev.org/Babystep5
Other / Babystep6	https://wiki.osdev.org/Babystep6
Other / Babystep7	https://wiki.osdev.org/Babystep7
Other / Babystep8	https://wiki.osdev.org/Babystep8
Other / Bad Practices	https://wiki.osdev.org/Bad_Practices
Other / Bare Bones with NASM	https://wiki.osdev.org/Bare_Bones_with_NASM
Other / Basic Theory Of Computer Science	https://wiki.osdev.org/Basic_Theory_Of_Computer_Science
Other / Batch File	https://wiki.osdev.org/Batch_File
Other / BCM System Timer	https://wiki.osdev.org/BCM_System_Timer
Other / BeFS	https://wiki.osdev.org/BeFS
Other / BFI	https://wiki.osdev.org/BFI
Other / BFS	https://wiki.osdev.org/BFS
Other / BGRT	https://wiki.osdev.org/BGRT
Other / Binary Notation	https://wiki.osdev.org/Binary_Notation
Other / Binutils	https://wiki.osdev.org/Binutils
Other / BIOS32	https://wiki.osdev.org/BIOS32
Other / BMFS	https://wiki.osdev.org/BMFS
Other / Bootable CD	https://wiki.osdev.org/Bootable_CD
Other / Bootable Disk	https://wiki.osdev.org/Bootable_Disk
Other / Bootable El-Torito CD with GRUB Legacy	https://wiki.osdev.org/Bootable_El-Torito_CD_with_GRUB_Legacy
Other / BOOTBOOT	https://wiki.osdev.org/BOOTBOOT
Other / Bootf	https://wiki.osdev.org/Bootf
Other / Booting Raspberry Pi 3	https://wiki.osdev.org/Booting_Raspberry_Pi_3
Other / Bootloader FAQ	https://wiki.osdev.org/Bootloader_FAQ
Other / BootProg	https://wiki.osdev.org/BootProg
Other / Bran's Kernel Development Tutorial Known Bugs	https://wiki.osdev.org/Bran's_Kernel_Development_Tutorial_Known_Bugs
Other / Brendan's Memory Management Guide	https://wiki.osdev.org/Brendan's_Memory_Management_Guide
Other / Brendan's Multi-tasking Tutorial	https://wiki.osdev.org/Brendan's_Multi-tasking_Tutorial
Other / Brokenthorn's Known Bugs	https://wiki.osdev.org/Brokenthorn's_Known_Bugs
Other / Building GCC	https://wiki.osdev.org/Building_GCC
Other / Building Upon Existing Software	https://wiki.osdev.org/Building_Upon_Existing_Software
Other / Busy loop	https://wiki.osdev.org/Busy_loop
Other / C	https://wiki.osdev.org/C
Other / C Library	https://wiki.osdev.org/C_Library
Other / C preprocessor	https://wiki.osdev.org/C_preprocessor
Other / C Sharp	https://wiki.osdev.org/C_Sharp
Other / C++	https://wiki.osdev.org/C++
Other / C++ Exception Support	https://wiki.osdev.org/C++_Exception_Support
Other / C++ to ASM linkage in GCC	https://wiki.osdev.org/C++_to_ASM_linkage_in_GCC
Other / C--	https://wiki.osdev.org/C--
Other / Calling Global Constructors	https://wiki.osdev.org/Calling_Global_Constructors
Other / CFE Bare Bones	https://wiki.osdev.org/CFE_Bare_Bones
Other / Chat	https://wiki.osdev.org/Chat
Other / Chromatic IDE	https://wiki.osdev.org/Chromatic_IDE
Other / CIL	https://wiki.osdev.org/CIL
Other / CLI	https://wiki.osdev.org/CLI
Other / CMake Build System	https://wiki.osdev.org/CMake_Build_System
Other / Colour Quantisation	https://wiki.osdev.org/Colour_Quantisation
Other / Command Line	https://wiki.osdev.org/Command_Line
Other / Common Driver Interface	https://wiki.osdev.org/Common_Driver_Interface
Other / Communications	https://wiki.osdev.org/Communications
Other / CompilerDev/Bare Bones Compiler	https://wiki.osdev.org/CompilerDev/Bare_Bones_Compiler
Other / Compositing	https://wiki.osdev.org/Compositing
Other / Continuation Systems	https://wiki.osdev.org/Continuation_Systems
Other / Cooperative Multitasking	https://wiki.osdev.org/Cooperative_Multitasking
Other / Cowboy Coder	https://wiki.osdev.org/Cowboy_Coder
Other / CPU Caches	https://wiki.osdev.org/CPU_Caches
Other / CPUID	https://wiki.osdev.org/CPUID
Other / CRC32	https://wiki.osdev.org/CRC32
Other / Creating a 64-bit kernel	https://wiki.osdev.org/Creating_a_64-bit_kernel
Other / Creating a 64-bit kernel using a separate loader	https://wiki.osdev.org/Creating_a_64-bit_kernel_using_a_separate_loader
Other / Creating a C Library	https://wiki.osdev.org/Creating_a_C_Library
Other / Creating A Shell	https://wiki.osdev.org/Creating_A_Shell
Other / Cross-Porting Software	https://wiki.osdev.org/Cross-Porting_Software
Other / Cygwin Issues	https://wiki.osdev.org/Cygwin_Issues
Other / D	https://wiki.osdev.org/D
Other / D Bare Bones II	https://wiki.osdev.org/D_Bare_Bones_II
Other / D Bare Bones With LDC2	https://wiki.osdev.org/D_Bare_Bones_With_LDC2
Other / Dae Dreamer	https://wiki.osdev.org/Dae_Dreamer
Other / Deadlock	https://wiki.osdev.org/Deadlock
Other / Debugging UEFI applications with GDB	https://wiki.osdev.org/Debugging_UEFI_applications_with_GDB
Other / Descriptor	https://wiki.osdev.org/Descriptor
Other / Descriptor Cache	https://wiki.osdev.org/Descriptor_Cache
Other / Descriptors	https://wiki.osdev.org/Descriptors
Other / Detecting CPU Topology (80x86)	https://wiki.osdev.org/Detecting_CPU_Topology_(80x86)
Other / Detecting Hardware	https://wiki.osdev.org/Detecting_Hardware
Other / Detecting Raspberry Pi Board	https://wiki.osdev.org/Detecting_Raspberry_Pi_Board
Other / Device Management	https://wiki.osdev.org/Device_Management
Other / Devicetree	https://wiki.osdev.org/Devicetree
Other / Direct Mapping	https://wiki.osdev.org/Direct_Mapping
Other / Disk access using the BIOS (INT 13h)	https://wiki.osdev.org/Disk_access_using_the_BIOS_(INT_13h)
Other / DisplayPort	https://wiki.osdev.org/DisplayPort
Other / Dithering	https://wiki.osdev.org/Dithering
Other / Dizz Tracked	https://wiki.osdev.org/Dizz_Tracked
Other / DMI	https://wiki.osdev.org/DMI
Other / Doors (IPC)	https://wiki.osdev.org/Doors_(IPC)
Other / Double Buffering	https://wiki.osdev.org/Double_Buffering
Other / DP8390	https://wiki.osdev.org/DP8390
Other / DPL	https://wiki.osdev.org/DPL
Other / DSDT	https://wiki.osdev.org/DSDT
Other / Duct von Tape	https://wiki.osdev.org/Duct_von_Tape
Other / DWARF	https://wiki.osdev.org/DWARF
Other / Dynamic Linker	https://wiki.osdev.org/Dynamic_Linker
Other / EBCDIC	https://wiki.osdev.org/EBCDIC
Other / EDID	https://wiki.osdev.org/EDID
Other / EDK2	https://wiki.osdev.org/EDK2
Other / EFI System Partition	https://wiki.osdev.org/EFI_System_Partition
Other / El-Torito	https://wiki.osdev.org/El-Torito
Other / Eleanore Semaphore	https://wiki.osdev.org/Eleanore_Semaphore
Other / ELF Tutorial	https://wiki.osdev.org/ELF_Tutorial
Other / EM64T	https://wiki.osdev.org/EM64T
Other / Emulator Comparison	https://wiki.osdev.org/Emulator_Comparison
Other / Emulators	https://wiki.osdev.org/Emulators
Other / Endianness	https://wiki.osdev.org/Endianness
Other / Enhanced Host Controller Interface	https://wiki.osdev.org/Enhanced_Host_Controller_Interface
Other / Ensoniq AudioPCI	https://wiki.osdev.org/Ensoniq_AudioPCI
Other / Entering Long Mode Directly	https://wiki.osdev.org/Entering_Long_Mode_Directly
Other / Español Llano	https://wiki.osdev.org/Español_Llano
Other / Ethernet devices	https://wiki.osdev.org/Ethernet_devices
Other / Exceptions	https://wiki.osdev.org/Exceptions
Other / Executable Formats	https://wiki.osdev.org/Executable_Formats
Other / Execution Loader	https://wiki.osdev.org/Execution_Loader
Other / ExFAT	https://wiki.osdev.org/ExFAT
Other / Ext3	https://wiki.osdev.org/Ext3
Other / Ext4	https://wiki.osdev.org/Ext4
Other / Extensible Driver Interface	https://wiki.osdev.org/Extensible_Driver_Interface
Other / EXtensible Host Controller Interface	https://wiki.osdev.org/EXtensible_Host_Controller_Interface
Other / FADT	https://wiki.osdev.org/FADT
Other / Fat imgen	https://wiki.osdev.org/Fat_imgen
Other / FFS (Amiga)	https://wiki.osdev.org/FFS_(Amiga)
Other / File Disk	https://wiki.osdev.org/File_Disk
Other / Floating Point Number	https://wiki.osdev.org/Floating_Point_Number
Other / Formatted Printing	https://wiki.osdev.org/Formatted_Printing
Other / FPU	https://wiki.osdev.org/FPU
Other / Fractal Page Mapping	https://wiki.osdev.org/Fractal_Page_Mapping
Other / FreeBASIC	https://wiki.osdev.org/FreeBASIC
Other / FUSE	https://wiki.osdev.org/FUSE
Other / Game port	https://wiki.osdev.org/Game_port
Other / GameBoy Advance Barebones	https://wiki.osdev.org/GameBoy_Advance_Barebones
Other / GameBoy Advance Introduction	https://wiki.osdev.org/GameBoy_Advance_Introduction
Other / Garbage collection	https://wiki.osdev.org/Garbage_collection
Other / GCC and Libc++	https://wiki.osdev.org/GCC_and_Libc++
Other / GCC Canadian Cross	https://wiki.osdev.org/GCC_Canadian_Cross
Other / GDB	https://wiki.osdev.org/GDB
Other / GDC Cross-Compiler	https://wiki.osdev.org/GDC_Cross-Compiler
Other / Generic Interrupt Controller	https://wiki.osdev.org/Generic_Interrupt_Controller
Other / Generic Interrupt Controller versions 3 and 4	https://wiki.osdev.org/Generic_Interrupt_Controller_versions_3_and_4
Other / Getting to Ring 3	https://wiki.osdev.org/Getting_to_Ring_3
Other / Git	https://wiki.osdev.org/Git
Other / GNAT Cross-Compiler	https://wiki.osdev.org/GNAT_Cross-Compiler
Other / GNU-EFI	https://wiki.osdev.org/GNU-EFI
Other / Go	https://wiki.osdev.org/Go
Other / GOP	https://wiki.osdev.org/GOP
Other / GPT	https://wiki.osdev.org/GPT
Other / Graphics stack	https://wiki.osdev.org/Graphics_stack
Other / Grub Error 13	https://wiki.osdev.org/Grub_Error_13
Other / GRUB Legacy	https://wiki.osdev.org/GRUB_Legacy
Other / GUI	https://wiki.osdev.org/GUI
Other / Gujin	https://wiki.osdev.org/Gujin
Other / Hard Build System	https://wiki.osdev.org/Hard_Build_System
Other / Hardware Abstraction Layer	https://wiki.osdev.org/Hardware_Abstraction_Layer
Other / Haskell	https://wiki.osdev.org/Haskell
Other / Heap	https://wiki.osdev.org/Heap
Other / Henriavelabarbe:D barebone with ldc2	https://wiki.osdev.org/Henriavelabarbe:D_barebone_with_ldc2
Other / Hexadecimal Notation	https://wiki.osdev.org/Hexadecimal_Notation
Other / Hexeditor	https://wiki.osdev.org/Hexeditor
Other / HFS	https://wiki.osdev.org/HFS
Other / HFS+	https://wiki.osdev.org/HFS+
Other / Hierarchical VFS Theory	https://wiki.osdev.org/Hierarchical_VFS_Theory
Other / HiFive-1 Bare Bones	https://wiki.osdev.org/HiFive-1_Bare_Bones
Other / Higher Half Kernel	https://wiki.osdev.org/Higher_Half_Kernel
Other / Higher Half x86 Bare Bones (Backup)	https://wiki.osdev.org/Higher_Half_x86_Bare_Bones_(Backup)
Other / History	https://wiki.osdev.org/History
Other / Hosted GCC Cross-Compiler	https://wiki.osdev.org/Hosted_GCC_Cross-Compiler
Other / How do I set a graphics mode	https://wiki.osdev.org/How_do_I_set_a_graphics_mode
Other / HPFS	https://wiki.osdev.org/HPFS
Other / Hybrid Kernel	https://wiki.osdev.org/Hybrid_Kernel
Other / I have followed a tutorial and it does not work	https://wiki.osdev.org/I_have_followed_a_tutorial_and_it_does_not_work
Other / I use a Custom Filesystem - What Bootloader Solution is right for me?	https://wiki.osdev.org/I_use_a_Custom_Filesystem_-_What_Bootloader_Solution_is_right_for_me?
Other / I/O Ports	https://wiki.osdev.org/I/O_Ports
Other / I8042 PS/2 Controller	https://wiki.osdev.org/I8042_PS/2_Controller
Other / IA-64	https://wiki.osdev.org/IA-64
Other / Implications of writing a freestanding C project	https://wiki.osdev.org/Implications_of_writing_a_freestanding_C_project
Other / Initrd	https://wiki.osdev.org/Initrd
Other / Inline Functions in C	https://wiki.osdev.org/Inline_Functions_in_C
Other / Intel 82599	https://wiki.osdev.org/Intel_82599
Other / Intel Advanced Encryption Standard New Instructions	https://wiki.osdev.org/Intel_Advanced_Encryption_Standard_New_Instructions
Other / Intel Dual Band Wireless	https://wiki.osdev.org/Intel_Dual_Band_Wireless
Other / Intel HD Graphics	https://wiki.osdev.org/Intel_HD_Graphics
Other / Intel High Definition Audio	https://wiki.osdev.org/Intel_High_Definition_Audio
Other / Intel I/O Controller Hub	https://wiki.osdev.org/Intel_I/O_Controller_Hub
Other / Intel NICs	https://wiki.osdev.org/Intel_NICs
Other / Intel VT-d	https://wiki.osdev.org/Intel_VT-d
Other / Internal Kernel Debugger	https://wiki.osdev.org/Internal_Kernel_Debugger
Other / Internet Control Message Protocol	https://wiki.osdev.org/Internet_Control_Message_Protocol
Other / Interrupt Translation Service	https://wiki.osdev.org/Interrupt_Translation_Service
Other / Interrupt Vector Table	https://wiki.osdev.org/Interrupt_Vector_Table
Other / Interrupts Tutorial	https://wiki.osdev.org/Interrupts_Tutorial
Other / IOAPIC	https://wiki.osdev.org/IOAPIC
Other / IOMMU	https://wiki.osdev.org/IOMMU
Other / IPC Data Copying methods	https://wiki.osdev.org/IPC_Data_Copying_methods
Other / IPL and Loading your kernel	https://wiki.osdev.org/IPL_and_Loading_your_kernel
Other / ISA	https://wiki.osdev.org/ISA
Other / ISO 9660	https://wiki.osdev.org/ISO_9660
Other / Itanium2 Overview	https://wiki.osdev.org/Itanium2_Overview
Other / Iwlwifi	https://wiki.osdev.org/Iwlwifi
Other / I²C	https://wiki.osdev.org/I²C
Other / James Molloy's Tutorial Known Bugs	https://wiki.osdev.org/James_Molloy's_Tutorial_Known_Bugs
Other / James T. Klik	https://wiki.osdev.org/James_T._Klik
Other / Java For Starters	https://wiki.osdev.org/Java_For_Starters
Other / Java Primer	https://wiki.osdev.org/Java_Primer
Other / Jbd2	https://wiki.osdev.org/Jbd2
Other / JFFS2	https://wiki.osdev.org/JFFS2
Other / JLoc	https://wiki.osdev.org/JLoc
Other / Joliet	https://wiki.osdev.org/Joliet
Other / Journaling	https://wiki.osdev.org/Journaling
Other / Julian Day Number	https://wiki.osdev.org/Julian_Day_Number
Other / JWasm	https://wiki.osdev.org/JWasm
Other / Kernel Multitasking	https://wiki.osdev.org/Kernel_Multitasking
Other / Kernel Panic	https://wiki.osdev.org/Kernel_Panic
Other / KVM	https://wiki.osdev.org/KVM
Other / L4	https://wiki.osdev.org/L4
Other / LAI	https://wiki.osdev.org/LAI
Other / LE	https://wiki.osdev.org/LE
Other / LEAN	https://wiki.osdev.org/LEAN
Other / Learning 80x86 Assembly	https://wiki.osdev.org/Learning_80x86_Assembly
Other / Lexical Analyzer	https://wiki.osdev.org/Lexical_Analyzer
Other / Libgcc	https://wiki.osdev.org/Libgcc
Other / Libgcc without red zone	https://wiki.osdev.org/Libgcc_without_red_zone
Other / Library Calls	https://wiki.osdev.org/Library_Calls
Other / Libreboot	https://wiki.osdev.org/Libreboot
Other / Libsupcxx	https://wiki.osdev.org/Libsupcxx
Other / Link	https://wiki.osdev.org/Link
Other / Linker Scripts	https://wiki.osdev.org/Linker_Scripts
Other / Linkers	https://wiki.osdev.org/Linkers
Other / Lino Commando	https://wiki.osdev.org/Lino_Commando
Other / Linux Boot Protocol	https://wiki.osdev.org/Linux_Boot_Protocol
Other / Linux Kernel Primer	https://wiki.osdev.org/Linux_Kernel_Primer
Other / List of editors	https://wiki.osdev.org/List_of_editors
Other / LLVM	https://wiki.osdev.org/LLVM
Other / LLVM Cross-Compiler	https://wiki.osdev.org/LLVM_Cross-Compiler
Other / Loading a Process	https://wiki.osdev.org/Loading_a_Process
Other / Loading files under UEFI	https://wiki.osdev.org/Loading_files_under_UEFI
Other / Loading Icons	https://wiki.osdev.org/Loading_Icons
Other / Local Descriptor Table	https://wiki.osdev.org/Local_Descriptor_Table
Other / Logical Block Addressing	https://wiki.osdev.org/Logical_Block_Addressing
Other / Low Pin Count	https://wiki.osdev.org/Low_Pin_Count
Other / Lua	https://wiki.osdev.org/Lua
Other / M68k Overview	https://wiki.osdev.org/M68k_Overview
Other / Mach-O	https://wiki.osdev.org/Mach-O
Other / MacOS	https://wiki.osdev.org/MacOS
Other / MADT	https://wiki.osdev.org/MADT
Other / MagicISO	https://wiki.osdev.org/MagicISO
Other / Makefile	https://wiki.osdev.org/Makefile
Other / MASM	https://wiki.osdev.org/MASM
Other / MBR (x86)	https://wiki.osdev.org/MBR_(x86)
Other / Megalithic Kernel	https://wiki.osdev.org/Megalithic_Kernel
Other / Memory barriers	https://wiki.osdev.org/Memory_barriers
Other / Memory Map	https://wiki.osdev.org/Memory_Map
Other / Memory Map (S390)	https://wiki.osdev.org/Memory_Map_(S390)
Other / Memory Map (x86)	https://wiki.osdev.org/Memory_Map_(x86)
Other / Memory mapped registers in C/C++	https://wiki.osdev.org/Memory_mapped_registers_in_C/C++
Other / Message Passing Tutorial	https://wiki.osdev.org/Message_Passing_Tutorial
Other / MessiahAndrw/Designing A Language	https://wiki.osdev.org/MessiahAndrw/Designing_A_Language
Other / MFS	https://wiki.osdev.org/MFS
Other / MIPS Overview	https://wiki.osdev.org/MIPS_Overview
Other / Mister Perfect	https://wiki.osdev.org/Mister_Perfect
Other / Mkisofs	https://wiki.osdev.org/Mkisofs
Other / MMX	https://wiki.osdev.org/MMX
Other / Modula-2 Bare Bones	https://wiki.osdev.org/Modula-2_Bare_Bones
Other / Mono Lizzy	https://wiki.osdev.org/Mono_Lizzy
Other / MP Specification	https://wiki.osdev.org/MP_Specification
Other / MTools	https://wiki.osdev.org/MTools
Other / MTRR	https://wiki.osdev.org/MTRR
Other / Multiboot	https://wiki.osdev.org/Multiboot
Other / Multiboot 1 Higher Half x86 Bare Bones	https://wiki.osdev.org/Multiboot_1_Higher_Half_x86_Bare_Bones
Other / Multikernel	https://wiki.osdev.org/Multikernel
Other / Multiprocessing	https://wiki.osdev.org/Multiprocessing
Other / Multithreaded Kernel	https://wiki.osdev.org/Multithreaded_Kernel
Other / Mutual Exclusion	https://wiki.osdev.org/Mutual_Exclusion
Other / My Bootloader Does Not Work	https://wiki.osdev.org/My_Bootloader_Does_Not_Work
Other / Network Stack	https://wiki.osdev.org/Network_Stack
Other / NFS	https://wiki.osdev.org/NFS
Other / Nick Stacky	https://wiki.osdev.org/Nick_Stacky
Other / Norton Diskedit	https://wiki.osdev.org/Norton_Diskedit
Other / Notable Projects	https://wiki.osdev.org/Notable_Projects
Other / Null Character	https://wiki.osdev.org/Null_Character
Other / Nwcc	https://wiki.osdev.org/Nwcc
Other / Object oriented OS	https://wiki.osdev.org/Object_oriented_OS
Other / OPAL	https://wiki.osdev.org/OPAL
Other / Open Firmware	https://wiki.osdev.org/Open_Firmware
Other / Open Host Controller Interface	https://wiki.osdev.org/Open_Host_Controller_Interface
Other / OpenBSD's bootloader	https://wiki.osdev.org/OpenBSD's_bootloader
Other / OpenGL	https://wiki.osdev.org/OpenGL
Other / Optical Drive	https://wiki.osdev.org/Optical_Drive
Other / Optimizing	https://wiki.osdev.org/Optimizing
Other / OS Specific Toolchain	https://wiki.osdev.org/OS_Specific_Toolchain
Other / OSDev (foreign language)	https://wiki.osdev.org/OSDev_(foreign_language)
Other / OSKit	https://wiki.osdev.org/OSKit
Other / OVMF	https://wiki.osdev.org/OVMF
Other / PA-RISC	https://wiki.osdev.org/PA-RISC
Other / Parallel port	https://wiki.osdev.org/Parallel_port
Other / Partition Table	https://wiki.osdev.org/Partition_Table
Other / Pascal	https://wiki.osdev.org/Pascal
Other / PC Screen Font	https://wiki.osdev.org/PC_Screen_Font
Other / PCI IDE Controller	https://wiki.osdev.org/PCI_IDE_Controller
Other / PCI Local Bus Commands	https://wiki.osdev.org/PCI_Local_Bus_Commands
Other / PCI Local Bus Signals	https://wiki.osdev.org/PCI_Local_Bus_Signals
Other / PearPC	https://wiki.osdev.org/PearPC
Other / Physical Address Extension	https://wiki.osdev.org/Physical_Address_Extension
Other / PinePhone/DRAM initialization	https://wiki.osdev.org/PinePhone/DRAM_initialization
Other / PL050 PS/2 Controller	https://wiki.osdev.org/PL050_PS/2_Controller
Other / Plain English Programming	https://wiki.osdev.org/Plain_English_Programming
Other / PLIC	https://wiki.osdev.org/PLIC
Other / Port IO	https://wiki.osdev.org/Port_IO
Other / Portability	https://wiki.osdev.org/Portability
Other / Porting Newlib	https://wiki.osdev.org/Porting_Newlib
Other / Porting Python	https://wiki.osdev.org/Porting_Python
Other / Porting Rust standard library	https://wiki.osdev.org/Porting_Rust_standard_library
Other / Porting to UEFI	https://wiki.osdev.org/Porting_to_UEFI
Other / POSIX-UEFI	https://wiki.osdev.org/POSIX-UEFI
Other / Posting Checklist	https://wiki.osdev.org/Posting_Checklist
Other / Power Macintosh	https://wiki.osdev.org/Power_Macintosh
Other / PowerPC Bare Bones	https://wiki.osdev.org/PowerPC_Bare_Bones
Other / PowerPC Overview	https://wiki.osdev.org/PowerPC_Overview
Other / Pre-kernel	https://wiki.osdev.org/Pre-kernel
Other / Preparing GCC Build	https://wiki.osdev.org/Preparing_GCC_Build
Other / Printer Command Language	https://wiki.osdev.org/Printer_Command_Language
Other / Printing	https://wiki.osdev.org/Printing
Other / Printing to the screen without a db	https://wiki.osdev.org/Printing_to_the_screen_without_a_db
Other / Problems Booting From USB Flash	https://wiki.osdev.org/Problems_Booting_From_USB_Flash
Other / Program Memory Allocation Types	https://wiki.osdev.org/Program_Memory_Allocation_Types
Other / Projects	https://wiki.osdev.org/Projects
Other / PS/2	https://wiki.osdev.org/PS/2
Other / PS/2 Mouse	https://wiki.osdev.org/PS/2_Mouse
Other / PXE	https://wiki.osdev.org/PXE
Other / Python	https://wiki.osdev.org/Python
Other / QEMU AArch64 Virt Bare Bones	https://wiki.osdev.org/QEMU_AArch64_Virt_Bare_Bones
Other / QEMU and GDB in long mode	https://wiki.osdev.org/QEMU_and_GDB_in_long_mode
Other / QEMU fw cfg	https://wiki.osdev.org/QEMU_fw_cfg
Other / QEMU Monitor	https://wiki.osdev.org/QEMU_Monitor
Other / QEMU RISC-V Virt Bare Bones	https://wiki.osdev.org/QEMU_RISC-V_Virt_Bare_Bones
Other / QEMU RISC-V Virt Meaty Skeleton	https://wiki.osdev.org/QEMU_RISC-V_Virt_Meaty_Skeleton
Other / Ralf Brown's Interrupt List	https://wiki.osdev.org/Ralf_Brown's_Interrupt_List
Other / Ramfb	https://wiki.osdev.org/Ramfb
Other / Random Number Generator	https://wiki.osdev.org/Random_Number_Generator
Other / Raspberry Pi	https://wiki.osdev.org/Raspberry_Pi
Other / Raspberry Pi 4	https://wiki.osdev.org/Raspberry_Pi_4
Other / Raspberry Pi Bare Bones Rust	https://wiki.osdev.org/Raspberry_Pi_Bare_Bones_Rust
Other / Rave Bare Bones	https://wiki.osdev.org/Rave_Bare_Bones
Other / Rawwrite	https://wiki.osdev.org/Rawwrite
Other / Reading sectors under UEFI	https://wiki.osdev.org/Reading_sectors_under_UEFI
Other / Real mode assembly appendix A	https://wiki.osdev.org/Real_mode_assembly_appendix_A
Other / Real mode assembly I	https://wiki.osdev.org/Real_mode_assembly_I
Other / Real mode assembly II	https://wiki.osdev.org/Real_mode_assembly_II
Other / Real mode assembly III	https://wiki.osdev.org/Real_mode_assembly_III
Other / Real mode assembly IV	https://wiki.osdev.org/Real_mode_assembly_IV
Other / Reboot	https://wiki.osdev.org/Reboot
Other / ReiserFS	https://wiki.osdev.org/ReiserFS
Other / RFS	https://wiki.osdev.org/RFS
Other / Richard Theseus	https://wiki.osdev.org/Richard_Theseus
Other / RISC-V	https://wiki.osdev.org/RISC-V
Other / RISC-V IOMMU	https://wiki.osdev.org/RISC-V_IOMMU
Other / Roll Your Own Filesystem	https://wiki.osdev.org/Roll_Your_Own_Filesystem
Other / RSDT	https://wiki.osdev.org/RSDT
Other / Rump kernel	https://wiki.osdev.org/Rump_kernel
Other / Rust	https://wiki.osdev.org/Rust
Other / Rust Bare Bones (UEFI)	https://wiki.osdev.org/Rust_Bare_Bones_(UEFI)
Other / S390 Interrupts	https://wiki.osdev.org/S390_Interrupts
Other / Scalable Screen Font	https://wiki.osdev.org/Scalable_Screen_Font
Other / SciTE	https://wiki.osdev.org/SciTE
Other / SCSI	https://wiki.osdev.org/SCSI
Other / SD card	https://wiki.osdev.org/SD_card
Other / Security	https://wiki.osdev.org/Security
Other / Segment Limits	https://wiki.osdev.org/Segment_Limits
Other / Segment Selector	https://wiki.osdev.org/Segment_Selector
Other / Select	https://wiki.osdev.org/Select
Other / Semaphore	https://wiki.osdev.org/Semaphore
Other / Serial Port	https://wiki.osdev.org/Serial_Port
Other / Setting Up Long Mode	https://wiki.osdev.org/Setting_Up_Long_Mode
Other / Setting Up Paging	https://wiki.osdev.org/Setting_Up_Paging
Other / Setting Up Paging With PAE	https://wiki.osdev.org/Setting_Up_Paging_With_PAE
Other / Shared library	https://wiki.osdev.org/Shared_library
Other / Shutdown	https://wiki.osdev.org/Shutdown
Other / SILO	https://wiki.osdev.org/SILO
Other / SimNow	https://wiki.osdev.org/SimNow
Other / Simple Scalable Fonts	https://wiki.osdev.org/Simple_Scalable_Fonts
Other / Sir Dunning-Kruger	https://wiki.osdev.org/Sir_Dunning-Kruger
Other / Smart Pointer	https://wiki.osdev.org/Smart_Pointer
Other / Smlrl	https://wiki.osdev.org/Smlrl
Other / SMT	https://wiki.osdev.org/SMT
Other / Socket	https://wiki.osdev.org/Socket
Other / Solar Assembler	https://wiki.osdev.org/Solar_Assembler
Other / Sparc Barebones	https://wiki.osdev.org/Sparc_Barebones
Other / Sparc Hardware Docs	https://wiki.osdev.org/Sparc_Hardware_Docs
Other / Sparc Overview	https://wiki.osdev.org/Sparc_Overview
Other / Spinlock	https://wiki.osdev.org/Spinlock
Other / SRAT	https://wiki.osdev.org/SRAT
Other / SSD	https://wiki.osdev.org/SSD
Other / SSDT	https://wiki.osdev.org/SSDT
Other / SSL/TLS	https://wiki.osdev.org/SSL/TLS
Other / Stack	https://wiki.osdev.org/Stack
Other / Stack Smashing Protector	https://wiki.osdev.org/Stack_Smashing_Protector
Other / Stack Trace	https://wiki.osdev.org/Stack_Trace
Other / Stan Dard	https://wiki.osdev.org/Stan_Dard
Other / Stivale2 CSharp BareBones	https://wiki.osdev.org/Stivale2_CSharp_BareBones
Other / Storage	https://wiki.osdev.org/Storage
Other / Supervisor Memory Protection	https://wiki.osdev.org/Supervisor_Memory_Protection
Other / SVM	https://wiki.osdev.org/SVM
Other / SWAPGS	https://wiki.osdev.org/SWAPGS
Other / Swift Bare Bones	https://wiki.osdev.org/Swift_Bare_Bones
Other / Symbol Table	https://wiki.osdev.org/Symbol_Table
Other / Symbolic link	https://wiki.osdev.org/Symbolic_link
Other / Symmetric Multiprocessing	https://wiki.osdev.org/Symmetric_Multiprocessing
Other / SYSENTER	https://wiki.osdev.org/SYSENTER
Other / SysLinux	https://wiki.osdev.org/SysLinux
Other / System Calls	https://wiki.osdev.org/System_Calls
Other / System Initialization (SGI Mips)	https://wiki.osdev.org/System_Initialization_(SGI_Mips)
Other / System Initialization (Sparc)	https://wiki.osdev.org/System_Initialization_(Sparc)
Other / System Initialization (x86)	https://wiki.osdev.org/System_Initialization_(x86)
Other / System Management BIOS	https://wiki.osdev.org/System_Management_BIOS
Other / System Management Mode	https://wiki.osdev.org/System_Management_Mode
Other / Tar	https://wiki.osdev.org/Tar
Other / Target Triplet	https://wiki.osdev.org/Target_Triplet
Other / Task State Segment	https://wiki.osdev.org/Task_State_Segment
Other / TASM	https://wiki.osdev.org/TASM
Other / Technical Specifications	https://wiki.osdev.org/Technical_Specifications
Other / Terminals	https://wiki.osdev.org/Terminals
Other / Text UI	https://wiki.osdev.org/Text_UI
Other / Thread	https://wiki.osdev.org/Thread
Other / Thread Local Storage	https://wiki.osdev.org/Thread_Local_Storage
Other / Time And Date	https://wiki.osdev.org/Time_And_Date
Other / Timekeeping in virtual machines	https://wiki.osdev.org/Timekeeping_in_virtual_machines
Other / Timer Interrupt Sources	https://wiki.osdev.org/Timer_Interrupt_Sources
Other / TKisem	https://wiki.osdev.org/TKisem
Other / TLB	https://wiki.osdev.org/TLB
Other / TLink	https://wiki.osdev.org/TLink
Other / TLS Encryption	https://wiki.osdev.org/TLS_Encryption
Other / TLS Handshake	https://wiki.osdev.org/TLS_Handshake
Other / Tool Comparison	https://wiki.osdev.org/Tool_Comparison
Other / Triple Fault	https://wiki.osdev.org/Triple_Fault
Other / TrueType Fonts	https://wiki.osdev.org/TrueType_Fonts
Other / TSC	https://wiki.osdev.org/TSC
Other / Turbo C	https://wiki.osdev.org/Turbo_C
Other / U-Boot	https://wiki.osdev.org/U-Boot
Other / UACPI	https://wiki.osdev.org/UACPI
Other / UART	https://wiki.osdev.org/UART
Other / UDF	https://wiki.osdev.org/UDF
Other / UDI Call Marshalling and RPC	https://wiki.osdev.org/UDI_Call_Marshalling_and_RPC
Other / UDI Channels	https://wiki.osdev.org/UDI_Channels
Other / UDI Device Enumeration	https://wiki.osdev.org/UDI_Device_Enumeration
Other / UDI Driver Loading	https://wiki.osdev.org/UDI_Driver_Loading
Other / UDI Environment	https://wiki.osdev.org/UDI_Environment
Other / UDI IRQ Model	https://wiki.osdev.org/UDI_IRQ_Model
Other / UDI Metalanguages	https://wiki.osdev.org/UDI_Metalanguages
Other / UDI Regions	https://wiki.osdev.org/UDI_Regions
Other / UEFI App Bare Bones	https://wiki.osdev.org/UEFI_App_Bare_Bones
Other / UEFI From Scratch	https://wiki.osdev.org/UEFI_From_Scratch
Other / UEFI NVRAM	https://wiki.osdev.org/UEFI_NVRAM
Other / Uefi.inc	https://wiki.osdev.org/Uefi.inc
Other / UFS	https://wiki.osdev.org/UFS
Other / UltraSPARC	https://wiki.osdev.org/UltraSPARC
Other / Undefined Behavior Sanitization	https://wiki.osdev.org/Undefined_Behavior_Sanitization
Other / Unicode	https://wiki.osdev.org/Unicode
Other / Uniform Driver Interface	https://wiki.osdev.org/Uniform_Driver_Interface
Other / Universal Host Controller Interface	https://wiki.osdev.org/Universal_Host_Controller_Interface
Other / Universal Plug-n-Play	https://wiki.osdev.org/Universal_Plug-n-Play
Other / Unix Pipes	https://wiki.osdev.org/Unix_Pipes
Other / Unreal Mode	https://wiki.osdev.org/Unreal_Mode
Other / USB Flash Memory	https://wiki.osdev.org/USB_Flash_Memory
Other / USB Hubs	https://wiki.osdev.org/USB_Hubs
Other / USB Human Interface Devices	https://wiki.osdev.org/USB_Human_Interface_Devices
Other / USB Mass Storage Class Devices	https://wiki.osdev.org/USB_Mass_Storage_Class_Devices
Other / User Interface	https://wiki.osdev.org/User_Interface
Other / Using Linker Script Values	https://wiki.osdev.org/Using_Linker_Script_Values
Other / Using UEFI Runtime Services in your Kernel	https://wiki.osdev.org/Using_UEFI_Runtime_Services_in_your_Kernel
Other / USTAR	https://wiki.osdev.org/USTAR
Other / Vagrant	https://wiki.osdev.org/Vagrant
Other / VAL	https://wiki.osdev.org/VAL
Other / VESA BIOS Extension/Accelerator Functions	https://wiki.osdev.org/VESA_BIOS_Extension/Accelerator_Functions
Other / VESA Video Modes	https://wiki.osdev.org/VESA_Video_Modes
Other / VFS	https://wiki.osdev.org/VFS
Other / VGA Text Mode	https://wiki.osdev.org/VGA_Text_Mode
Other / Video RAM	https://wiki.osdev.org/Video_RAM
Other / Virtio	https://wiki.osdev.org/Virtio
Other / Virtual Floppy Drive	https://wiki.osdev.org/Virtual_Floppy_Drive
Other / Virtual-8086 Monitor	https://wiki.osdev.org/Virtual-8086_Monitor
Other / VirtualBox Guest Additions	https://wiki.osdev.org/VirtualBox_Guest_Additions
Other / VMWare SVGA-II	https://wiki.osdev.org/VMWare_SVGA-II
Other / VMware tools	https://wiki.osdev.org/VMware_tools
Other / VMX	https://wiki.osdev.org/VMX
Other / Volatile (keyword)	https://wiki.osdev.org/Volatile_(keyword)
Other / Volume Boot Record	https://wiki.osdev.org/Volume_Boot_Record
Other / Vulkan	https://wiki.osdev.org/Vulkan
Other / WAET	https://wiki.osdev.org/WAET
Other / WebAssembly	https://wiki.osdev.org/WebAssembly
Other / Which assembler should I use?(x86)	https://wiki.osdev.org/Which_assembler_should_I_use?(x86)
Other / Why do I need a Cross Compiler?	https://wiki.osdev.org/Why_do_I_need_a_Cross_Compiler?
Other / Why function implementations shouldn't be put in header files	https://wiki.osdev.org/Why_function_implementations_shouldn't_be_put_in_header_files
Other / Win95 DOS Call	https://wiki.osdev.org/Win95_DOS_Call
Other / Windows Loopback Alternative	https://wiki.osdev.org/Windows_Loopback_Alternative
Other / Windows Subsystem for Linux	https://wiki.osdev.org/Windows_Subsystem_for_Linux
Other / WinImage	https://wiki.osdev.org/WinImage
Other / Wish List	https://wiki.osdev.org/Wish_List
Other / WLink	https://wiki.osdev.org/WLink
Other / Writing a memory manager	https://wiki.osdev.org/Writing_a_memory_manager
Other / Writing A Page Frame Allocator	https://wiki.osdev.org/Writing_A_Page_Frame_Allocator
Other / Writing GRUB Modules	https://wiki.osdev.org/Writing_GRUB_Modules
Other / X86 Cooperative Multitasking Tutorial	https://wiki.osdev.org/X86_Cooperative_Multitasking_Tutorial
Other / X86 Page Tables	https://wiki.osdev.org/X86_Page_Tables
Other / X86-64 Instruction Encoding	https://wiki.osdev.org/X86-64_Instruction_Encoding
Other / Xbox	https://wiki.osdev.org/Xbox
Other / XFS	https://wiki.osdev.org/XFS
Other / XSDT	https://wiki.osdev.org/XSDT
Other / Xv6	https://wiki.osdev.org/Xv6
Other / YAFFS	https://wiki.osdev.org/YAFFS
Other / ZFS	https://wiki.osdev.org/ZFS
Other / ZXFL Barebones	https://wiki.osdev.org/ZXFL_Barebones
