Introduction	https://learnopengl.com/Introduction
Getting started / OpenGL	https://learnopengl.com/Getting-started/OpenGL
Getting started / Creating a window	https://learnopengl.com/Getting-started/Creating-a-window
Getting started / Hello Window	https://learnopengl.com/Getting-started/Hello-Window
Getting started / Hello Triangle	https://learnopengl.com/Getting-started/Hello-Triangle
Getting started / Shaders	https://learnopengl.com/Getting-started/Shaders
Getting started / Textures	https://learnopengl.com/Getting-started/Textures
Getting started / Transformations	https://learnopengl.com/Getting-started/Transformations
Getting started / Coordinate Systems	https://learnopengl.com/Getting-started/Coordinate-Systems
Getting started / Camera	https://learnopengl.com/Getting-started/Camera
Getting started / Review	https://learnopengl.com/Getting-started/Review
Lighting / Colors	https://learnopengl.com/Lighting/Colors
Lighting / Basic Lighting	https://learnopengl.com/Lighting/Basic-Lighting
Lighting / Materials	https://learnopengl.com/Lighting/Materials
Lighting / Lighting maps	https://learnopengl.com/Lighting/Lighting-maps
Lighting / Light casters	https://learnopengl.com/Lighting/Light-casters
Lighting / Multiple lights	https://learnopengl.com/Lighting/Multiple-lights
Lighting / Review	https://learnopengl.com/Lighting/Review
Model Loading / Assimp	https://learnopengl.com/Model-Loading/Assimp
Model Loading / Mesh	https://learnopengl.com/Model-Loading/Mesh
Model Loading / Model	https://learnopengl.com/Model-Loading/Model
Advanced OpenGL / Depth testing	https://learnopengl.com/Advanced-OpenGL/Depth-testing
Advanced OpenGL / Stencil testing	https://learnopengl.com/Advanced-OpenGL/Stencil-testing
Advanced OpenGL / Blending	https://learnopengl.com/Advanced-OpenGL/Blending
Advanced OpenGL / Face culling	https://learnopengl.com/Advanced-OpenGL/Face-culling
Advanced OpenGL / Framebuffers	https://learnopengl.com/Advanced-OpenGL/Framebuffers
Advanced OpenGL / Cubemaps	https://learnopengl.com/Advanced-OpenGL/Cubemaps
Advanced OpenGL / Advanced Data	https://learnopengl.com/Advanced-OpenGL/Advanced-Data
Advanced OpenGL / Advanced GLSL	https://learnopengl.com/Advanced-OpenGL/Advanced-GLSL
Advanced OpenGL / Geometry Shader	https://learnopengl.com/Advanced-OpenGL/Geometry-Shader
Advanced OpenGL / Instancing	https://learnopengl.com/Advanced-OpenGL/Instancing
Advanced OpenGL / Anti Aliasing	https://learnopengl.com/Advanced-OpenGL/Anti-Aliasing
Advanced Lighting / Advanced Lighting	https://learnopengl.com/Advanced-Lighting/Advanced-Lighting
Advanced Lighting / Gamma Correction	https://learnopengl.com/Advanced-Lighting/Gamma-Correction
Advanced Lighting / Shadows / Shadow Mapping	https://learnopengl.com/Advanced-Lighting/Shadows/Shadow-Mapping
Advanced Lighting / Shadows / Point Shadows	https://learnopengl.com/Advanced-Lighting/Shadows/Point-Shadows
Advanced Lighting / Normal Mapping	https://learnopengl.com/Advanced-Lighting/Normal-Mapping
Advanced Lighting / Parallax Mapping	https://learnopengl.com/Advanced-Lighting/Parallax-Mapping
Advanced Lighting / HDR	https://learnopengl.com/Advanced-Lighting/HDR
Advanced Lighting / Bloom	https://learnopengl.com/Advanced-Lighting/Bloom
Advanced Lighting / Deferred Shading	https://learnopengl.com/Advanced-Lighting/Deferred-Shading
Advanced Lighting / SSAO	https://learnopengl.com/Advanced-Lighting/SSAO
PBR / Theory	https://learnopengl.com/PBR/Theory
PBR / Lighting	https://learnopengl.com/PBR/Lighting
PBR / IBL / Diffuse irradiance	https://learnopengl.com/PBR/IBL/Diffuse-irradiance
PBR / IBL / Specular IBL	https://learnopengl.com/PBR/IBL/Specular-IBL
In Practice / Debugging	https://learnopengl.com/In-Practice/Debugging
In Practice / Text Rendering	https://learnopengl.com/In-Practice/Text-Rendering
In Practice / 2D Game / Breakout	https://learnopengl.com/In-Practice/2D-Game/Breakout
In Practice / 2D Game / Setting up	https://learnopengl.com/In-Practice/2D-Game/Setting-up
In Practice / 2D Game / Rendering Sprites	https://learnopengl.com/In-Practice/2D-Game/Rendering-Sprites
In Practice / 2D Game / Levels	https://learnopengl.com/In-Practice/2D-Game/Levels
In Practice / 2D Game / Collisions / Ball	https://learnopengl.com/In-Practice/2D-Game/Collisions/Ball
In Practice / 2D Game / Collisions / Collision detection	https://learnopengl.com/In-Practice/2D-Game/Collisions/Collision-detection
In Practice / 2D Game / Collisions / Collision resolution	https://learnopengl.com/In-Practice/2D-Game/Collisions/Collision-resolution
In Practice / 2D Game / Particles	https://learnopengl.com/In-Practice/2D-Game/Particles
In Practice / 2D Game / Postprocessing	https://learnopengl.com/In-Practice/2D-Game/Postprocessing
In Practice / 2D Game / Powerups	https://learnopengl.com/In-Practice/2D-Game/Powerups
In Practice / 2D Game / Audio	https://learnopengl.com/In-Practice/2D-Game/Audio
In Practice / 2D Game / Render text	https://learnopengl.com/In-Practice/2D-Game/Render-text
In Practice / 2D Game / Final thoughts	https://learnopengl.com/In-Practice/2D-Game/Final-thoughts
Guest Articles / OIT / Introduction	https://learnopengl.com/Guest-Articles/2020/OIT/Introduction
Guest Articles / OIT / Weighted Blended	https://learnopengl.com/Guest-Articles/2020/OIT/Weighted-Blended
Guest Articles / Skeletal Animation	https://learnopengl.com/Guest-Articles/2020/Skeletal-Animation
Guest Articles / CSM	https://learnopengl.com/Guest-Articles/2021/CSM
Guest Articles / Scene / Scene Graph	https://learnopengl.com/Guest-Articles/2021/Scene/Scene-Graph
Guest Articles / Scene / Frustum Culling	https://learnopengl.com/Guest-Articles/2021/Scene/Frustum-Culling
Guest Articles / Tessellation / Height map	https://learnopengl.com/Guest-Articles/2021/Tessellation/Height-map
Guest Articles / Tessellation / Tessellation	https://learnopengl.com/Guest-Articles/2021/Tessellation/Tessellation
Guest Articles / Compute Shaders / Introduction	https://learnopengl.com/Guest-Articles/2022/Compute-Shaders/Introduction
Guest Articles / Phys. Based Bloom	https://learnopengl.com/Guest-Articles/2022/Phys.-Based-Bloom
Guest Articles / Area Lights	https://learnopengl.com/Guest-Articles/2022/Area-Lights
