1. Fuzzer Development 1: The Soul of a New Machine	https://h0mbre.github.io/New_Fuzzer_Project/
2. Fuzzer Development 2: Sandboxing Syscalls	https://h0mbre.github.io/Lucid_Context_Switching/
3. Fuzzer Development 3: Building Bochs, MMU, and File I/0	https://h0mbre.github.io/Loading_Bochs/
4. Fuzzer Development 4: Snapshots, Code-Coverage, and Fuzzing	https://h0mbre.github.io/Lucid_Snapshots_Coverage/
5. Lucid Dreams I: Lucid's First Time Fuzzing	https://h0mbre.github.io/Lucid_Dreams_1/
6. Lucid Dreams II: Harness Development	https://h0mbre.github.io/Lucid_Dreams_2/
7. Building a new snapshot fuzzer & fuzzing IDA	https://doar-e.github.io/blog/2021/07/15/building-a-new-snapshot-fuzzer-fuzzing-ida/
8. Fuzzing Like A Caveman	https://h0mbre.github.io/Fuzzing-Like-A-Caveman/
9. Fuzzing Like A Caveman 2: Improving Performance	https://h0mbre.github.io/Fuzzing-Like-a-Caveman-2/
10. Fuzzing Like A Caveman 3: Trying to Somewhat Understand The Importance Code Coverage	https://h0mbre.github.io/Fuzzing-Like-A-Caveman-3/
11. Fuzzing Like A Caveman 4: Snapshot/Code Coverage Fuzzer!	https://h0mbre.github.io/Fuzzing-Like-A-Caveman-4/
12. Fuzzing Like A Caveman 5: A Code Coverage Tour for Cavepeople	https://h0mbre.github.io/Fuzzing-Like-A-Caveman-5/
13. Fuzzing Like A Caveman 6: Binary Only Snapshot Fuzzing Harness	https://h0mbre.github.io/Fuzzing-Like-A-Caveman-6/
