aya	enum BtfError	enum.BtfError.html
aya	enum EbpfError	enum.EbpfError.html
aya	enum Endianness	enum.Endianness.html
aya	enum PinningType	enum.PinningType.html
aya	fn features	fn.features.html
aya	macro include_bytes_aligned	macro.include_bytes_aligned.html
aya::maps::array	struct Array	maps/array/struct.Array.html
aya::maps::array	struct CgroupArray	maps/array/struct.CgroupArray.html
aya::maps::array	struct PerCpuArray	maps/array/struct.PerCpuArray.html
aya::maps::array	struct ProgramArray	maps/array/struct.ProgramArray.html
aya::maps::bloom_filter	struct BloomFilter	maps/bloom_filter/struct.BloomFilter.html
aya::maps::cgroup_storage	struct CgroupStorageKey	maps/cgroup_storage/struct.CgroupStorageKey.html
aya::maps::cgroup_storage	struct CgroupStorage	maps/cgroup_storage/struct.CgroupStorage.html
aya::maps::cgroup_storage	struct PerCpuCgroupStorage	maps/cgroup_storage/struct.PerCpuCgroupStorage.html
aya::maps::cgrp_storage	struct CgrpStorage	maps/cgrp_storage/struct.CgrpStorage.html
aya::maps	enum MapError	maps/enum.MapError.html
aya::maps	enum Map	maps/enum.Map.html
aya::maps	enum MapType	maps/enum.MapType.html
aya::maps	fn loaded_maps	maps/fn.loaded_maps.html
aya::maps::hash_map	struct HashMap	maps/hash_map/struct.HashMap.html
aya::maps::hash_map	struct PerCpuHashMap	maps/hash_map/struct.PerCpuHashMap.html
aya::maps::inode_storage	struct InodeStorage	maps/inode_storage/struct.InodeStorage.html
aya::maps::lpm_trie	struct Key	maps/lpm_trie/struct.Key.html
aya::maps::lpm_trie	struct LpmTrie	maps/lpm_trie/struct.LpmTrie.html
aya::maps::of_maps	struct ArrayOfMaps	maps/of_maps/struct.ArrayOfMaps.html
aya::maps::of_maps	struct HashOfMaps	maps/of_maps/struct.HashOfMaps.html
aya::maps::perf	enum PerfBufferError	maps/perf/enum.PerfBufferError.html
aya::maps::perf	enum PerfEvent	maps/perf/enum.PerfEvent.html
aya::maps::perf	struct PerfEventArrayBuffer	maps/perf/struct.PerfEventArrayBuffer.html
aya::maps::perf	struct PerfEventArray	maps/perf/struct.PerfEventArray.html
aya::maps::queue	struct Queue	maps/queue/struct.Queue.html
aya::maps::ring_buf	struct RingBufItem	maps/ring_buf/struct.RingBufItem.html
aya::maps::ring_buf	struct RingBuf	maps/ring_buf/struct.RingBuf.html
aya::maps::sk_storage	struct SkStorage	maps/sk_storage/struct.SkStorage.html
aya::maps::sock	struct ReusePortSockArray	maps/sock/struct.ReusePortSockArray.html
aya::maps::sock	struct SockHash	maps/sock/struct.SockHash.html
aya::maps::sock	struct SockMapFd	maps/sock/struct.SockMapFd.html
aya::maps::sock	struct SockMap	maps/sock/struct.SockMap.html
aya::maps::stack	struct Stack	maps/stack/struct.Stack.html
aya::maps::stack_trace	struct StackFrame	maps/stack_trace/struct.StackFrame.html
aya::maps::stack_trace	struct StackTraceMap	maps/stack_trace/struct.StackTraceMap.html
aya::maps::stack_trace	struct StackTrace	maps/stack_trace/struct.StackTrace.html
aya::maps	struct MapData	maps/struct.MapData.html
aya::maps	struct MapFd	maps/struct.MapFd.html
aya::maps	struct MapInfo	maps/struct.MapInfo.html
aya::maps	struct MapIter	maps/struct.MapIter.html
aya::maps	struct MapKeys	maps/struct.MapKeys.html
aya::maps	struct PerCpuValues	maps/struct.PerCpuValues.html
aya::maps	trait FromMapData	maps/trait.FromMapData.html
aya::maps	trait InnerMap	maps/trait.InnerMap.html
aya::maps	trait IterableMap	maps/trait.IterableMap.html
aya::maps::xdp	enum XdpMapError	maps/xdp/enum.XdpMapError.html
aya::maps::xdp	struct CpuMap	maps/xdp/struct.CpuMap.html
aya::maps::xdp	struct DevMapHash	maps/xdp/struct.DevMapHash.html
aya::maps::xdp	struct DevMap	maps/xdp/struct.DevMap.html
aya::maps::xdp	struct XskMap	maps/xdp/struct.XskMap.html
aya::pin	enum PinError	pin/enum.PinError.html
aya::programs::cgroup_device	struct CgroupDeviceLinkId	programs/cgroup_device/struct.CgroupDeviceLinkId.html
aya::programs::cgroup_device	struct CgroupDeviceLink	programs/cgroup_device/struct.CgroupDeviceLink.html
aya::programs::cgroup_device	struct CgroupDevice	programs/cgroup_device/struct.CgroupDevice.html
aya::programs::cgroup_skb	enum CgroupSkbAttachType	programs/cgroup_skb/enum.CgroupSkbAttachType.html
aya::programs::cgroup_skb	struct CgroupSkbLinkId	programs/cgroup_skb/struct.CgroupSkbLinkId.html
aya::programs::cgroup_skb	struct CgroupSkbLink	programs/cgroup_skb/struct.CgroupSkbLink.html
aya::programs::cgroup_skb	struct CgroupSkb	programs/cgroup_skb/struct.CgroupSkb.html
aya::programs::cgroup_sock_addr	enum CgroupSockAddrAttachType	programs/cgroup_sock_addr/enum.CgroupSockAddrAttachType.html
aya::programs::cgroup_sock_addr	struct CgroupSockAddrLinkId	programs/cgroup_sock_addr/struct.CgroupSockAddrLinkId.html
aya::programs::cgroup_sock_addr	struct CgroupSockAddrLink	programs/cgroup_sock_addr/struct.CgroupSockAddrLink.html
aya::programs::cgroup_sock_addr	struct CgroupSockAddr	programs/cgroup_sock_addr/struct.CgroupSockAddr.html
aya::programs::cgroup_sock	enum CgroupSockAttachType	programs/cgroup_sock/enum.CgroupSockAttachType.html
aya::programs::cgroup_sockopt	enum CgroupSockoptAttachType	programs/cgroup_sockopt/enum.CgroupSockoptAttachType.html
aya::programs::cgroup_sockopt	struct CgroupSockoptLinkId	programs/cgroup_sockopt/struct.CgroupSockoptLinkId.html
aya::programs::cgroup_sockopt	struct CgroupSockoptLink	programs/cgroup_sockopt/struct.CgroupSockoptLink.html
aya::programs::cgroup_sockopt	struct CgroupSockopt	programs/cgroup_sockopt/struct.CgroupSockopt.html
aya::programs::cgroup_sock	struct CgroupSockLinkId	programs/cgroup_sock/struct.CgroupSockLinkId.html
aya::programs::cgroup_sock	struct CgroupSockLink	programs/cgroup_sock/struct.CgroupSockLink.html
aya::programs::cgroup_sock	struct CgroupSock	programs/cgroup_sock/struct.CgroupSock.html
aya::programs::cgroup_sysctl	struct CgroupSysctlLinkId	programs/cgroup_sysctl/struct.CgroupSysctlLinkId.html
aya::programs::cgroup_sysctl	struct CgroupSysctlLink	programs/cgroup_sysctl/struct.CgroupSysctlLink.html
aya::programs::cgroup_sysctl	struct CgroupSysctl	programs/cgroup_sysctl/struct.CgroupSysctl.html
aya::programs	enum CgroupSkbAttachType	programs/enum.CgroupSkbAttachType.html
aya::programs	enum CgroupSockAddrAttachType	programs/enum.CgroupSockAddrAttachType.html
aya::programs	enum CgroupSockAttachType	programs/enum.CgroupSockAttachType.html
aya::programs	enum CgroupSockoptAttachType	programs/enum.CgroupSockoptAttachType.html
aya::programs	enum LsmAttachType	programs/enum.LsmAttachType.html
aya::programs	enum ProbeKind	programs/enum.ProbeKind.html
aya::programs	enum ProgramError	programs/enum.ProgramError.html
aya::programs	enum Program	programs/enum.Program.html
aya::programs	enum ProgramType	programs/enum.ProgramType.html
aya::programs	enum SkReuseportAttachType	programs/enum.SkReuseportAttachType.html
aya::programs	enum SkSkbKind	programs/enum.SkSkbKind.html
aya::programs::extension	enum ExtensionError	programs/extension/enum.ExtensionError.html
aya::programs::extension	struct ExtensionLinkId	programs/extension/struct.ExtensionLinkId.html
aya::programs::extension	struct ExtensionLink	programs/extension/struct.ExtensionLink.html
aya::programs::extension	struct Extension	programs/extension/struct.Extension.html
aya::programs::fentry	struct FEntryLinkId	programs/fentry/struct.FEntryLinkId.html
aya::programs::fentry	struct FEntryLink	programs/fentry/struct.FEntryLink.html
aya::programs::fentry	struct FEntry	programs/fentry/struct.FEntry.html
aya::programs::fexit	struct FExitLinkId	programs/fexit/struct.FExitLinkId.html
aya::programs::fexit	struct FExitLink	programs/fexit/struct.FExitLink.html
aya::programs::fexit	struct FExit	programs/fexit/struct.FExit.html
aya::programs::flow_dissector	struct FlowDissectorLinkId	programs/flow_dissector/struct.FlowDissectorLinkId.html
aya::programs::flow_dissector	struct FlowDissectorLink	programs/flow_dissector/struct.FlowDissectorLink.html
aya::programs::flow_dissector	struct FlowDissector	programs/flow_dissector/struct.FlowDissector.html
aya::programs	fn loaded_links	programs/fn.loaded_links.html
aya::programs	fn loaded_programs	programs/fn.loaded_programs.html
aya::programs::iter	struct IterFd	programs/iter/struct.IterFd.html
aya::programs::iter	struct IterLinkId	programs/iter/struct.IterLinkId.html
aya::programs::iter	struct IterLink	programs/iter/struct.IterLink.html
aya::programs::iter	struct Iter	programs/iter/struct.Iter.html
aya::programs::kprobe	enum KProbeError	programs/kprobe/enum.KProbeError.html
aya::programs::kprobe	struct KProbeLinkId	programs/kprobe/struct.KProbeLinkId.html
aya::programs::kprobe	struct KProbeLink	programs/kprobe/struct.KProbeLink.html
aya::programs::kprobe	struct KProbe	programs/kprobe/struct.KProbe.html
aya::programs::links	enum CgroupAttachMode	programs/links/enum.CgroupAttachMode.html
aya::programs::links	enum LinkError	programs/links/enum.LinkError.html
aya::programs::links	enum LinkType	programs/links/enum.LinkType.html
aya::programs::links	struct FdLinkId	programs/links/struct.FdLinkId.html
aya::programs::links	struct FdLink	programs/links/struct.FdLink.html
aya::programs::links	struct LinkInfo	programs/links/struct.LinkInfo.html
aya::programs::links	struct LinkOrder	programs/links/struct.LinkOrder.html
aya::programs::links	struct PinnedLink	programs/links/struct.PinnedLink.html
aya::programs::links	struct ProgAttachLinkId	programs/links/struct.ProgAttachLinkId.html
aya::programs::links	struct ProgAttachLink	programs/links/struct.ProgAttachLink.html
aya::programs::links	trait Link	programs/links/trait.Link.html
aya::programs::lirc_mode2	struct LircLinkId	programs/lirc_mode2/struct.LircLinkId.html
aya::programs::lirc_mode2	struct LircLink	programs/lirc_mode2/struct.LircLink.html
aya::programs::lirc_mode2	struct LircMode2	programs/lirc_mode2/struct.LircMode2.html
aya::programs::lsm_cgroup	struct LsmCgroup	programs/lsm_cgroup/struct.LsmCgroup.html
aya::programs::lsm_cgroup	struct LsmLinkId	programs/lsm_cgroup/struct.LsmLinkId.html
aya::programs::lsm_cgroup	struct LsmLink	programs/lsm_cgroup/struct.LsmLink.html
aya::programs::lsm	struct LsmLinkId	programs/lsm/struct.LsmLinkId.html
aya::programs::lsm	struct LsmLink	programs/lsm/struct.LsmLink.html
aya::programs::lsm	struct Lsm	programs/lsm/struct.Lsm.html
aya::programs::perf_attach	struct PerfLinkId	programs/perf_attach/struct.PerfLinkId.html
aya::programs::perf_event	enum BreakpointConfig	programs/perf_event/enum.BreakpointConfig.html
aya::programs::perf_event	enum HardwareEvent	programs/perf_event/enum.HardwareEvent.html
aya::programs::perf_event	enum HwCacheEvent	programs/perf_event/enum.HwCacheEvent.html
aya::programs::perf_event	enum HwCacheOp	programs/perf_event/enum.HwCacheOp.html
aya::programs::perf_event	enum HwCacheResult	programs/perf_event/enum.HwCacheResult.html
aya::programs::perf_event	enum PerfBreakpointLength	programs/perf_event/enum.PerfBreakpointLength.html
aya::programs::perf_event	enum PerfBreakpointType	programs/perf_event/enum.PerfBreakpointType.html
aya::programs::perf_event	enum PerfEventConfig	programs/perf_event/enum.PerfEventConfig.html
aya::programs::perf_event	enum PerfEventScope	programs/perf_event/enum.PerfEventScope.html
aya::programs::perf_event	enum SamplePolicy	programs/perf_event/enum.SamplePolicy.html
aya::programs::perf_event	enum SoftwareEvent	programs/perf_event/enum.SoftwareEvent.html
aya::programs::perf_event	struct PerfEventLinkId	programs/perf_event/struct.PerfEventLinkId.html
aya::programs::perf_event	struct PerfEventLink	programs/perf_event/struct.PerfEventLink.html
aya::programs::perf_event	struct PerfEvent	programs/perf_event/struct.PerfEvent.html
aya::programs::raw_trace_point	struct RawTracePointLinkId	programs/raw_trace_point/struct.RawTracePointLinkId.html
aya::programs::raw_trace_point	struct RawTracePointLink	programs/raw_trace_point/struct.RawTracePointLink.html
aya::programs::raw_trace_point	struct RawTracePoint	programs/raw_trace_point/struct.RawTracePoint.html
aya::programs::sk_lookup	struct SkLookupLinkId	programs/sk_lookup/struct.SkLookupLinkId.html
aya::programs::sk_lookup	struct SkLookupLink	programs/sk_lookup/struct.SkLookupLink.html
aya::programs::sk_lookup	struct SkLookup	programs/sk_lookup/struct.SkLookup.html
aya::programs::sk_msg	struct SkMsgLinkId	programs/sk_msg/struct.SkMsgLinkId.html
aya::programs::sk_msg	struct SkMsgLink	programs/sk_msg/struct.SkMsgLink.html
aya::programs::sk_msg	struct SkMsg	programs/sk_msg/struct.SkMsg.html
aya::programs::sk_reuseport	enum SkReuseportAttachType	programs/sk_reuseport/enum.SkReuseportAttachType.html
aya::programs::sk_reuseport	enum SkReuseportError	programs/sk_reuseport/enum.SkReuseportError.html
aya::programs::sk_reuseport	struct SkReuseport	programs/sk_reuseport/struct.SkReuseport.html
aya::programs::sk_skb	enum SkSkbKind	programs/sk_skb/enum.SkSkbKind.html
aya::programs::sk_skb	struct SkSkbLinkId	programs/sk_skb/struct.SkSkbLinkId.html
aya::programs::sk_skb	struct SkSkbLink	programs/sk_skb/struct.SkSkbLink.html
aya::programs::sk_skb	struct SkSkb	programs/sk_skb/struct.SkSkb.html
aya::programs::socket_filter	enum SocketFilterError	programs/socket_filter/enum.SocketFilterError.html
aya::programs::socket_filter	struct ReusePortSocketFilter	programs/socket_filter/struct.ReusePortSocketFilter.html
aya::programs::socket_filter	struct SocketFilter	programs/socket_filter/struct.SocketFilter.html
aya::programs::sock_ops	struct SockOpsLinkId	programs/sock_ops/struct.SockOpsLinkId.html
aya::programs::sock_ops	struct SockOpsLink	programs/sock_ops/struct.SockOpsLink.html
aya::programs::sock_ops	struct SockOps	programs/sock_ops/struct.SockOps.html
aya::programs	struct ProgramFd	programs/struct.ProgramFd.html
aya::programs	struct ProgramId	programs/struct.ProgramId.html
aya::programs	struct ProgramInfo	programs/struct.ProgramInfo.html
aya::programs	struct RawTracePointRunOptions	programs/struct.RawTracePointRunOptions.html
aya::programs	struct RawTracePointTestRunResult	programs/struct.RawTracePointTestRunResult.html
aya::programs	struct TestRunAttrs	programs/struct.TestRunAttrs.html
aya::programs	struct TestRunOptions	programs/struct.TestRunOptions.html
aya::programs	struct TestRunResult	programs/struct.TestRunResult.html
aya::programs::tc	enum TcAttachOptions	programs/tc/enum.TcAttachOptions.html
aya::programs::tc	enum TcAttachType	programs/tc/enum.TcAttachType.html
aya::programs::tc	enum TcError	programs/tc/enum.TcError.html
aya::programs::tc	fn qdisc_add_clsact	programs/tc/fn.qdisc_add_clsact.html
aya::programs::tc	fn qdisc_detach_program	programs/tc/fn.qdisc_detach_program.html
aya::programs::tc	struct NlOptions	programs/tc/struct.NlOptions.html
aya::programs::tc	struct SchedClassifierLinkId	programs/tc/struct.SchedClassifierLinkId.html
aya::programs::tc	struct SchedClassifierLink	programs/tc/struct.SchedClassifierLink.html
aya::programs::tc	struct SchedClassifier	programs/tc/struct.SchedClassifier.html
aya::programs::tc	struct TcHandle	programs/tc/struct.TcHandle.html
aya::programs::tp_btf	struct BtfTracePointLinkId	programs/tp_btf/struct.BtfTracePointLinkId.html
aya::programs::tp_btf	struct BtfTracePointLink	programs/tp_btf/struct.BtfTracePointLink.html
aya::programs::tp_btf	struct BtfTracePoint	programs/tp_btf/struct.BtfTracePoint.html
aya::programs::trace_point	enum TracePointError	programs/trace_point/enum.TracePointError.html
aya::programs::trace_point	struct TracePointLinkId	programs/trace_point/struct.TracePointLinkId.html
aya::programs::trace_point	struct TracePointLink	programs/trace_point/struct.TracePointLink.html
aya::programs::trace_point	struct TracePoint	programs/trace_point/struct.TracePoint.html
aya::programs	trait MultiProgLink	programs/trait.MultiProgLink.html
aya::programs	trait MultiProgram	programs/trait.MultiProgram.html
aya::programs	trait TestRun	programs/trait.TestRun.html
aya::programs::uprobe	enum ProcMapError	programs/uprobe/enum.ProcMapError.html
aya::programs::uprobe	enum UProbeAttachLocationError	programs/uprobe/enum.UProbeAttachLocationError.html
aya::programs::uprobe	enum UProbeAttachLocation	programs/uprobe/enum.UProbeAttachLocation.html
aya::programs::uprobe	enum UProbeError	programs/uprobe/enum.UProbeError.html
aya::programs::uprobe	enum UProbeScope	programs/uprobe/enum.UProbeScope.html
aya::programs::uprobe	struct UProbeAttachPoint	programs/uprobe/struct.UProbeAttachPoint.html
aya::programs::uprobe	struct UProbeLinkId	programs/uprobe/struct.UProbeLinkId.html
aya::programs::uprobe	struct UProbeLink	programs/uprobe/struct.UProbeLink.html
aya::programs::uprobe	struct UProbe	programs/uprobe/struct.UProbe.html
aya::programs::xdp	enum XdpError	programs/xdp/enum.XdpError.html
aya::programs::xdp	enum XdpMode	programs/xdp/enum.XdpMode.html
aya::programs::xdp	struct XdpLinkId	programs/xdp/struct.XdpLinkId.html
aya::programs::xdp	struct XdpLink	programs/xdp/struct.XdpLink.html
aya::programs::xdp	struct Xdp	programs/xdp/struct.Xdp.html
aya	struct bpf_map_def	struct.bpf_map_def.html
aya	struct Btf	struct.Btf.html
aya	struct EbpfLoader	struct.EbpfLoader.html
aya	struct Ebpf	struct.Ebpf.html
aya	struct GlobalData	struct.GlobalData.html
aya	struct VerifierLogLevel	struct.VerifierLogLevel.html
aya::sys	enum Stats	sys/enum.Stats.html
aya::sys	fn enable_stats	sys/fn.enable_stats.html
aya::sys	fn is_helper_supported	sys/fn.is_helper_supported.html
aya::sys	fn is_map_supported	sys/fn.is_map_supported.html
aya::sys	fn is_program_supported	sys/fn.is_program_supported.html
aya::sys	struct NetlinkError	sys/struct.NetlinkError.html
aya::sys	struct SyscallError	sys/struct.SyscallError.html
aya::sys	type BpfHelper	sys/type.BpfHelper.html
aya::test_helpers	enum AyaTestError	test_helpers/enum.AyaTestError.html
aya::test_helpers	enum Cgroup	test_helpers/enum.Cgroup.html
aya::test_helpers	struct ChildCgroup	test_helpers/struct.ChildCgroup.html
aya::test_helpers	struct NetNsGuard	test_helpers/struct.NetNsGuard.html
aya::test_helpers	type AyaTestResult	test_helpers/type.AyaTestResult.html
aya	trait Pod	trait.Pod.html
aya	type BpfError	type.BpfError.html
aya	type BpfLoader	type.BpfLoader.html
aya	type Bpf	type.Bpf.html
aya::util	fn kernel_symbols	util/fn.kernel_symbols.html
aya::util	fn nr_cpus	util/fn.nr_cpus.html
aya::util	fn online_cpus	util/fn.online_cpus.html
aya::util	fn syscall_prefix	util/fn.syscall_prefix.html
aya::util	struct KernelVersion	util/struct.KernelVersion.html
