Introduction / Preface	https://browser.engineering/preface.html
Introduction / Browsers and the Web	https://browser.engineering/intro.html
Introduction / History of the Web	https://browser.engineering/history.html
Part 1: Loading Pages / Downloading Web Pages	https://browser.engineering/http.html
Part 1: Loading Pages / Drawing to the Screen	https://browser.engineering/graphics.html
Part 1: Loading Pages / Formatting Text	https://browser.engineering/text.html
Part 2: Viewing Documents / Constructing an HTML Tree	https://browser.engineering/html.html
Part 2: Viewing Documents / Laying Out Pages	https://browser.engineering/layout.html
Part 2: Viewing Documents / Applying Author Styles	https://browser.engineering/styles.html
Part 2: Viewing Documents / Handling Buttons and Links	https://browser.engineering/chrome.html
Part 3: Running Applications / Sending Information to Servers	https://browser.engineering/forms.html
Part 3: Running Applications / Running Interactive Scripts	https://browser.engineering/scripts.html
Part 3: Running Applications / Keeping Data Private	https://browser.engineering/security.html
Part 4: Modern Browsers / Adding Visual Effects	https://browser.engineering/visual-effects.html
Part 4: Modern Browsers / Scheduling Tasks and Threads	https://browser.engineering/scheduling.html
Part 4: Modern Browsers / Animating and Compositing	https://browser.engineering/animations.html
Part 4: Modern Browsers / Making Content Accessible	https://browser.engineering/accessibility.html
Part 4: Modern Browsers / Supporting Embedded Content	https://browser.engineering/embeds.html
Part 4: Modern Browsers / Reusing Previous Computation	https://browser.engineering/invalidation.html
Conclusion / What Wasn't Covered	https://browser.engineering/skipped.html
Conclusion / A Changing Landscape	https://browser.engineering/change.html
Appendix / Glossary	https://browser.engineering/glossary.html
Appendix / Bibliography	https://browser.engineering/bibliography.html
Appendix / List of Courses Taught from This Book	https://browser.engineering/classes.html
