Introduction	https://lazyfoo.net/tutorials/SDL3/00-introduction/index.php
Hello SDL3	https://lazyfoo.net/tutorials/SDL3/01-hello-sdl3/index.php
Textures and Extension Libraries	https://lazyfoo.net/tutorials/SDL3/02-textures-and-extension-libraries/index.php
Key Presses and Key States	https://lazyfoo.net/tutorials/SDL3/03-key-presses-and-key-states/index.php
Color Keying	https://lazyfoo.net/tutorials/SDL3/04-color-keying/index.php
Sprite Clipping and Stretching	https://lazyfoo.net/tutorials/SDL3/05-sprite-clipping-and-stretching/index.php
Rotation and Flipping	https://lazyfoo.net/tutorials/SDL3/06-rotation-and-flipping/index.php
Color Modulation and Alpha Blending	https://lazyfoo.net/tutorials/SDL3/07-color-modulation-and-alpha-blending/index.php
True Type Fonts	https://lazyfoo.net/tutorials/SDL3/08-true-type-fonts/index.php
Mouse Events	https://lazyfoo.net/tutorials/SDL3/09-mouse-events/index.php
Timing	https://lazyfoo.net/tutorials/SDL3/10-timing/index.php
Advanced Timers	https://lazyfoo.net/tutorials/SDL3/11-advanced-timers/index.php
Frame Rate and VSync	https://lazyfoo.net/tutorials/SDL3/12-frame-rate-and-vsync/index.php
Motion	https://lazyfoo.net/tutorials/SDL3/13-motion/index.php
Animation	https://lazyfoo.net/tutorials/SDL3/14-animation/index.php
Sound Effects and Music	https://lazyfoo.net/tutorials/SDL3/15-sound-effects-and-music/index.php
Collision Detection	https://lazyfoo.net/tutorials/SDL3/16-collision-detection/index.php
Text Input and Clipboard Handling	https://lazyfoo.net/tutorials/SDL3/17-text-input-and-clipboard-handling/index.php
Scrolling	https://lazyfoo.net/tutorials/SDL3/18-scrolling/index.php
State Machines	https://lazyfoo.net/tutorials/SDL3/19-state-machines/index.php
Multiple Source Files	https://lazyfoo.net/tutorials/SDL3/20-multiple-source-files/index.php
