A deep dive into QEMU: a new machine	https://airbus-seclab.github.io/qemu_blog/machine.html
A deep dive into QEMU: memory regions	https://airbus-seclab.github.io/qemu_blog/regions.html
A deep dive into QEMU: adding devices	https://airbus-seclab.github.io/qemu_blog/devices.html
A deep dive into QEMU: interrupt controller	https://airbus-seclab.github.io/qemu_blog/interrupts.html
A deep dive into QEMU: a Brief History of Time	https://airbus-seclab.github.io/qemu_blog/timers.html
A deep dive into QEMU: PCI host bridge controller	https://airbus-seclab.github.io/qemu_blog/pci.html
A deep dive into QEMU: PCI slave devices	https://airbus-seclab.github.io/qemu_blog/pci_slave.html
A deep dive into QEMU: Giving and adding options	https://airbus-seclab.github.io/qemu_blog/options.html
A deep dive into QEMU: The execution loop	https://airbus-seclab.github.io/qemu_blog/exec.html
A deep dive into QEMU: Breakpoints handling	https://airbus-seclab.github.io/qemu_blog/brk.html
A deep dive into QEMU: VM running states	https://airbus-seclab.github.io/qemu_blog/runstate.html
A deep dive into QEMU: The Tiny Code Generator (TCG), part 1	https://airbus-seclab.github.io/qemu_blog/tcg_p1.html
A deep dive into QEMU: The Tiny Code Generator (TCG), part 2	https://airbus-seclab.github.io/qemu_blog/tcg_p2.html
A deep dive into QEMU: TCG memory accesses	https://airbus-seclab.github.io/qemu_blog/tcg_p3.html
A deep dive into QEMU: snapshot API	https://airbus-seclab.github.io/qemu_blog/snapshot.html
