01. Install	https://docs.qiling.io/en/latest/install/
02. Demo	https://docs.qiling.io/en/latest/demo/
03. Howto	https://docs.qiling.io/en/latest/howto/
04. Qltool	https://docs.qiling.io/en/latest/qltool/
05. Print	https://docs.qiling.io/en/latest/print/
06. Hijack	https://docs.qiling.io/en/latest/hijack/
07. Snapshot	https://docs.qiling.io/en/latest/snapshot/
08. Profile	https://docs.qiling.io/en/latest/profile/
09. Debugger	https://docs.qiling.io/en/latest/debugger/
11. Register	https://docs.qiling.io/en/latest/register/
12. Memory	https://docs.qiling.io/en/latest/memory/
13. Struct	https://docs.qiling.io/en/latest/struct/
14. Hook	https://docs.qiling.io/en/latest/hook/
15. Qdb	https://docs.qiling.io/en/latest/qdb/
16. Coverage	https://docs.qiling.io/en/latest/coverage/
17. Syscall Api	https://docs.qiling.io/en/latest/syscall_api/
18. Evm	https://docs.qiling.io/en/latest/evm/
19. Extension	https://docs.qiling.io/en/latest/extension/
20. Ida	https://docs.qiling.io/en/latest/ida/
21. Faq	https://docs.qiling.io/en/latest/faq/
22. Checklist	https://docs.qiling.io/en/latest/checklist/
23. Contribution	https://docs.qiling.io/en/latest/contribution/
24. References	https://docs.qiling.io/en/latest/references/
