Linux Page Cache for SRE	https://biriukov.dev/docs/page-cache/0-linux-page-cache-for-sre/
Prepare environment for experiments	https://biriukov.dev/docs/page-cache/1-prepare-environment-for-experiments/
Essential page cache theory	https://biriukov.dev/docs/page-cache/2-essential-page-cache-theory/
Page cache and basic file operations	https://biriukov.dev/docs/page-cache/3-page-cache-and-basic-file-operations/
Page cache eviction and page reclaim	https://biriukov.dev/docs/page-cache/4-page-cache-eviction-and-page-reclaim/
More about mmap file access	https://biriukov.dev/docs/page-cache/5-more-about-mmap-file-access/
cgroup v2 and page cache	https://biriukov.dev/docs/page-cache/6-cgroup-v2-and-page-cache/
How much memory my program uses (working set size)	https://biriukov.dev/docs/page-cache/7-how-much-memory-my-program-uses-or-the-tale-of-working-set-size/
Direct IO (DIO)	https://biriukov.dev/docs/page-cache/8-direct-io-dio/
Advanced page cache observability and troubleshooting	https://biriukov.dev/docs/page-cache/9-advanced-page-cache-observability-and-troubleshooting-tools/
